suitability,year,authors,title,venue,doi,url,fluid,surface,heater,orientation,pressure_condition,heat_flux_range,steady_state,points_per_curve,data_form,plain_baseline,reaches_72kW_below_chf,cooper_comparison,reason,verified_by
A_primary,2020,"Matthias Zimmermann, Michael Heinz, Axel Sielaff, Tatiana Gambaryan-Roisman, Peter Stephan",Influence of System Pressure on Pool Boiling Regimes on A Microstructured Surface Compared to A Smooth Surface,"Experimental Heat Transfer 33(4), 318-334 (online 2019)",10.1080/08916152.2019.1635228,https://b2share.eudat.eu/records/4znr8-k5h80,FC-72,Smooth copper reference (Sa = 0.627 um per Mahmoud & Karayiannis 2021 Table 1) plus a Cu-wire microstructured surface,"Copper cylinder, D = 0.035 m (A = 9.62e-4 m2), ceramic heater. T_wall thermocouple 2.85 mm below the smooth surface; surface T extrapolated with k = 385 W/mK. q_el = V*I/A (electrical, no heat-loss correction).",unknown (not stated in the abstract or dataset),"Saturated FC-72 at 0.49, 0.62, 0.68, 0.95, 1.26 and 1.71 bar (Tsat about 37-74 C)",Smooth heater: about 0.5-1.9 kW/m2 up to 123-203 kW/m2 depending on pressure. 72 kW/m2 lies inside every curve. Review lists smooth CHF 0.159 MW/m2 (about 1 bar).,"Not stated. Points are about 15-25 min apart (timestamps) with averaged sensor values, consistent with steady stepping (inference).","13-20 per pressure (18, 13, 13, 18, 20 and 16; 98 smooth-surface points in total)","Open dataset (B2SHARE, CC-BY-NC, public), xls with q_el, Tsat, T_wand and DT for each point. Dataset DOI 10.23728/b2share.82eee29edcb4453f8be41ec2aefc7463.",yes,yes,"The paper compares against the Gorenflo (VDI Heat Atlas 2010) correlation, 'in good agreement'; no Cooper. My fit of dlnDT/dlnq over 20-130 kW/m2 gives 0.14-0.20 (Cooper implies 0.33). DT near 68-70 kW/m2 is 12.7 K (0.49 bar), 11.6 (0.62), 11.0 (0.68), 9.5 (0.95), 8.2 (1.26) and 7.1 K (1.71 bar).","Verified end-to-end: numeric open data for smooth Cu in saturated FC-72 at 6 pressures, 13-20 points per curve, 72 kW/m2 inside every curve. This is the best set for testing both Cooper's q exponent and its p_r term. Caveats: orientation unknown, q is electrical input without loss correction, and DT is extrapolated through 2.85 mm of Cu.","https://api.openalex.org/works/doi:10.1080/08916152.2019.1635228 ; https://b2share.eudat.eu/api/records/4znr8-k5h80 ; dataset zip downloaded and parsed (sheets 'smooth heater', 'additional values and equations', README)"
A_primary,2019,"Matthias Zimmermann (sole creator in the B2SHARE record; the description lists Zimmermann, Heinz, Sielaff, Stephan; the EHT paper has 5 authors including Gambaryan-Roisman)",Data for the publication: Influence of system pressure on pool boiling regimes on a microstructured surface compared to a smooth surface by Zimmermann et al.,"B2SHARE (EUDAT) dataset, published 2019-06-16, CC-BY-NC 4.0. Figshare mirror 10.6084/m9.figshare.8851454 is listed as CC BY 4.0. Paper: Experimental Heat Transfer 33(4):318-334, DOI 10.1080/08916152.2019.1635228.",10.23728/b2share.82eee29edcb4453f8be41ec2aefc7463,https://b2share.eudat.eu/records/4znr8-k5h80,FC-72,Smooth uncoated copper ('smooth heater' sheet) plus a Cu-microwire surface. Roughness of the smooth surface not stated.,"Copper cylinder D = 0.035 m (A = 9.62e-4 m2), ceramic heater below. Twall is extrapolated from a thermocouple 2.85 mm below the surface with k = 385 W/mK. q = V*I/A with no heat-loss correction (V*I/A reproduces 'q el', checked).",Not stated. Horizontal upward-facing inferred (top face of a cylinder heated from below).,"Saturated, six pressures: 0.49, 0.62, 0.68, 0.95, 1.26, 1.71 bar (Tsat about 37-74 C). Liquid temperature is within about 0.3 K of Tsat.","About 0.5-203 kW/m2. Maximum per curve 123-203 kW/m2 (end of test; CHF not given in the dataset). 72 kW/m2 lies inside every curve. Log-interpolated dT at 72 kW/m2: 12.9, 11.7, 11.1, 9.6, 8.3, 7.2 K (low to high pressure), checked.","Inferred steady: each row is a time-averaged reading at fixed power, about 10-25 min apart",13-20 rows per pressure (ascending branch plus some descending repeats). 4-13 ascending points at q >= 30 kW/m2.,"Open numeric dataset (xls plus README; columns pressure, V, I, q el, Tsat, T wand, DT, HTC)",yes,yes,"The source compares with Gorenflo (VDI), not Cooper. I reproduced the candidate's check: Cooper with Rp = 1 um, M = 338, pc = 18.27 bar gives dT 18-27 K at 72 kW/m2, 2.1-2.5x the measured value. Fitted log-log slope dlnDT/dlnq over ascending q >= 30 kW/m2 is 0.19-0.26, vs Cooper's 0.33.","Fully verified by download: FC-72 smooth Cu, saturated, six pressures, numeric q-dT pairs spanning 72 kW/m2 with enough points. Caveats: orientation inferred, roughness unknown, no heat-loss correction, and the curves are unusually flat (for example dT 11.5-12.0 K from 7.6 to 47 kW/m2 at 0.49 bar). Creator and license details corrected.",https://b2share.eudat.eu/api/records/4znr8-k5h80 (zip downloaded and xls parsed) ; https://api.figshare.com/v2/articles/8851454 ; https://api.openalex.org/works/doi:10.1080/08916152.2019.1635228 ; https://api.crossref.org/works/10.1080/08916152.2019.1635228
A_primary,2015,Arthur Suszko (advisor M. S. El-Genk),Enhancement of Nucleate Boiling on Rough and Dimpled Surfaces with Application to Composite Spreaders for Microprocessors Immersion Cooling,"PhD dissertation, University of New Mexico, Mechanical Engineering ETDs (hdl.handle.net/1928/30421)",,https://digitalrepository.unm.edu/me_etds/25,"PF-5060, degassed","Plain Cu with Ra 0.039 (smooth) to 1.79 um, plus dimpled Cu","Uniformly heated Cu, 10 x 10 x 1.6 mm",0-180 deg range per abstract; whether 90 deg (vertical) was tested is not confirmed in the abstract,"About 0.085 MPa, Tsat 51.4 C. Saturated and subcooled up to 30 K.","To CHF. Smooth Cu upward CHF is about 15.5 W/cm2 and hMNB is about 0.67 W/cm2K. CHF and hMNB decrease with angle, to about 31% and 40% of the upward values at 180 deg.",Not stated explicitly. The abstract reports reproducible repeats and 'absence of boiling hysteresis'.,unknown,"Open thesis PDF, which Cloudflare blocked from here. Whether appendix tables exist is unknown.",yes,yes,"The hNB correlation 'falls within the middle of the range of predictions by other established correlations' (which ones is not named in the abstract). B falls from 0.81 to 0.69 with Ra, 'consistent with results reported by others'.","Verified from the NDLTD abstract: PF-5060, smooth to rough plain Cu, 10x10 mm, 0.085 MPa saturated, 0-180 deg, CHF about 15.5 W/cm2. This is the same dataset as El-Genk & Suszko JHT 2014 (do not double count), but open access with possibly fuller figures or tables. Points per curve and the tested angles are unconfirmed. [merged duplicate entry; angle list checked against the NDLTD abstract on 2026-10-07]",https://search.dev.ndltd.org/etd/unm/oai:digitalrepository.unm.edu:me_etds-1024 ; https://digitalrepository.unm.edu/me_etds/25 (Cloudflare 403)
A_primary,2014,Mohamed S. El-Genk; Arthur Suszko,Saturation Nucleate Boiling and Correlations for PF-5060 Dielectric Liquid on Inclined Rough Copper Surfaces,"Journal of Heat Transfer 136(8), 081503",10.1115/1.4027365,https://doi.org/10.1115/1.4027365,"PF-5060, degassed (equivalent to FC-72)","13 plain Cu surfaces, Ra 0.039 um (smooth polished) to 1.79 um. The smooth surface serves as the baseline and roughness is stated.","Uniformly heated Cu, 10 x 10 x 1.6 mm (from the companion dissertation abstract)",Six inclination angles from 0 deg (upward) to 180 deg (downward). Whether 90 deg is one of them is not confirmed in the abstract.,"Saturated at about 0.085 MPa, Tsat 51.4 C (Albuquerque; from the dissertation abstract)","Up to CHF. Smooth Cu facing upward has CHF of about 15.5 W/cm2 (dissertation abstract), so 7.2 W/cm2 is below CHF. CHF at 90 deg is not stated in what I read. CHF at 180 deg is about 31% of the upward value.",Not stated explicitly in what I read. The dissertation reports reproducible runs and no boiling hysteresis.,unknown,"Figure only (paywalled ASME paper), plus the fitted hNB = A q^B",yes,yes,"The Crossref reference list cites Cooper 1984 ('Heat Flow Rates in Saturated Nucleate Pool Boiling...Reduced Properties'). The dissertation says its hNB correlation 'falls within the middle of the range of predictions by other established correlations'. On the smooth surface B = 0.81, so dT ~ q^0.19, versus Cooper's q^0.33 (my derivation).","I confirmed the paper's existence, the fluid (PF-5060, degassed, saturated), the smooth-polished Cu baseline with Ra stated, the inclinations, and the Cooper 1984 citation from Crossref and the dissertation abstract. Still unknown: points per curve, whether 90 deg was tested, and explicit steady-state wording. The candidate's claim that the lab used 0/60/90/120/150/180 deg is not verified. Data must be digitized from figures.",https://api.crossref.org/works/10.1115/1.4027365 ; https://search.dev.ndltd.org/etd/unm/oai:digitalrepository.unm.edu:me_etds-1024 ; https://isnps.unm.edu/publications/topic/immersion_cooling_of_high-power_electronics/
A_primary,2013,"Amir F. Ali, Mohamed S. El-Genk",Enhancement of Saturation Boiling of PF-5060 Dielectric Liquid on Microporous Surfaces (Technical Report No. UNM-ISNPS-3-2013),"UNM Institute for Space and Nuclear Power Studies technical report, December 2013 (open PDF). The PhD-dissertation link was not verified.",,https://isnps.unm.edu/reports/ISNPS_Tech_Report_83.pdf,PF-5060 (FC-72 equivalent),"Smooth polished Cu baseline, Ra about 0.039-0.04 um (400-grit, then 1500-grit, then Brasso polish gives Ra 0.58, 0.21 and 0.04 um). The main topic is microporous Cu (MPC).",Cu substrate 10 x 10 x 1.6 mm,Smooth-Cu nucleate boiling compared in the upward (0 deg) orientation. Smooth-Cu CHF is also given vs inclination (Fig 6.3).,Saturated at 0.085 MPa (local pressure in Albuquerque),To CHF of about 16 W/cm2 on smooth Cu at dTsat about 25 K. hMNB about 0.78 W/cm2K at about 22 K. 7.2 W/cm2 is below CHF.,Steady state: successive averages within +/-0.2 K,Unknown (figure). Power steps give under 0.2 W/cm2 per step near CHF.,"Open PDF, figures only for smooth Cu",yes,yes,None found. CORRECTION: 'hNB = 0.95 q^0.71' is the correlation for the 171-um-thick MPC surface (Fig 5.8c; Eq 5.2-5.3 give A = 0.4-0.91 and B = 0.5-0.7 for MPC). It is not a smooth-Cu fit; 'Smooth Cu' is a separate curve in panel 5.8d. The El-Genk & Suszko 0.81 claim was not verified.,"The open report confirms PF-5060, 0.085 MPa saturated, steady state, smooth Cu with measured Ra 0.04 um, upward-facing, and CHF about 16 W/cm2. The data are figure-only. The candidate's 'smooth-Cu exponent 0.71' is wrong; that fit belongs to an MPC surface.",https://isnps.unm.edu/reports/ISNPS_Tech_Report_83.pdf (full text grepped)
A_primary,2008,"Jack L. Parker, Mohamed S. El-Genk",Pool Boiling of Dielectric Liquids on Porous Graphite and Extended Copper Surfaces (Technical Report No. UNM-ISNPS-1-2008),"UNM Institute for Space and Nuclear Power Studies technical report, August 2008 (open PDF)",,https://isnps.unm.edu/reports/ISNPS_Tech_Report_85.pdf,"FC-72, degassed (HFE-7100 also tested)","Plane copper, finished with #400 then #1500 emery paper. This is the smooth baseline for the porous-graphite and corner-pin surfaces. No numeric Ra is given for the plane Cu.",Uniformly heated 10 x 10 mm copper block with two embedded thermocouples (footprint temperature),"0 deg (upward) to 180 deg (downward). Fig. 4.14 shows saturated FC-72 on plane copper at 0, 60, 90, 120, 150 and 180 deg. Table 4.1 is for 0 deg.","Local atmospheric pressure, about 0.085 MPa (Albuquerque); Tsat of FC-72 about 51.8 C. Saturated, plus 10, 20 and 30 K subcooling.","Up to CHF. Plane Cu, saturated, 0 deg: CHF 16.9 W/cm2 at dTsat 21.3 K. qNB = 6.3 / 11.9 / 14.8 W/cm2 at dT = 11 / 14 / 17 K, so 7.2 W/cm2 lies at about 11-14 K, well below CHF.",Yes: 'recorded at steady state ... when the changes in two successive average temperature measurements are within ± 0.2 K'; each value averages 30 readings.,Figures show stepwise curves with many points. Table 4.1 gives only 3 nucleate-boiling points per condition.,Open PDF. Boiling-curve figures (to digitize) plus numeric Table 4.1 (CHF and q at dT = 11/14/17 K).,yes,yes,"None. Rohsenow appears only in the literature review. From the Table 4.1 points (my calculation): q 6.3 to 11.9 W/cm2 over dT 11 to 14 K, so n is about 2.6 and dT ~ q^0.38.","Confirmed from the fetched PDF: Table 4.1(a) 'FC-72 ... on Plane Copper' (CHF 16.9/21.9/26.9/29.5 W/cm2; qNB 6.3/11.9/14.8 at 11/14/17 K), '~0.085 MPa', the ±0.2 K steady-state criterion, and Fig. 4.14 smooth-copper curves at inclinations including 90 deg. All the A criteria are met (FC-72, plain Cu, steady, saturated, known pressure, 72 kW/m2 below CHF). Caveats: small 10 mm heater, sub-atmospheric pressure (use p_r at 0.085 MPa), temperature excursion of 9-14 K at incipience, and >=5 points need digitizing. The Fig. 4.15 caption misprints 'FC-71'.",https://isnps.unm.edu/reports/ISNPS_Tech_Report_85.pdf (280-page PDF downloaded and text-extracted in this session)
A_primary,2007,"Sebastine Ujereh, Timothy Fisher, Issam Mudawar",Effects of carbon nanotube arrays on nucleate pool boiling,"International Journal of Heat and Mass Transfer 50, 4023-4038",10.1016/j.ijheatmasstransfer.2007.01.030,https://engineering.purdue.edu/mudawar/files/articles-all/2007/2007-02.pdf,FC-72,Plain baselines: bare smooth Si (samples A-C) and bare Cu pre-treated with 400-grit paper. Ra not given. The main topic is CNT coatings.,12.7 x 12.7 mm Si or Cu chip on a copper heating block (the abstract's '1.27 x 1.27 mm' is a typo),Horizontal upward-facing. Inferred: the heater assembly is 'mounted to the bottom of a rectangular chamber' with liquid several cm above.,"Atmospheric, saturated (Tsat 56.6 C), degassed by 45 min of vigorous boiling",To CHF. Bare Cu 17.7-18.4 W/cm2; smooth Si 11.4-12.5 W/cm2 with fully developed boiling only at about 28-33 K superheat. 7.2 W/cm2 is below CHF.,"Steady state within +/-0.4 C, with 2-5 min waits",About 30+ (0.5 W/cm2 increments up to CHF; inferred from the procedure),"Figures (Fig 8 bare Si, Fig 12 bare Cu) plus Table 1 summary metrics (CHF, incipience and fully developed superheat, hmax)",yes,yes,None (no Cooper or Rohsenow in the text),"Confirmed: FC-72, saturated, atmospheric, steady state, 0.5 W/cm2 steps, bare-Cu baseline with CHF about 18 W/cm2 (Fig 12, Table 1). The bare Cu curve is the usable baseline; the smooth-Si curves have anomalously high incipience and fully developed superheats. Caveats: horizontal heater, figure-only, no Ra.",https://api.crossref.org/works/10.1016/j.ijheatmasstransfer.2007.01.030 ; https://engineering.purdue.edu/mudawar/files/articles-all/2007/2007-02.pdf
A_primary,2007,Camil-Daniel Ghiu (advisor Yogendra Joshi),Pool Boiling from Enhanced Structures under Confinement (PhD dissertation),"Georgia Institute of Technology, hdl 1853/16229",,https://repository.gatech.edu/entities/publication/1c953dba-aa1f-4b66-92f0-d9e0c8eb4f74,PF-5060 (equivalent to FC-72); dissolved gas about 46% by volume at run start,Plain copper structure 'C-plain' as baseline for microchannel structures. Structures were 'mirror-polished ... roughness of the top surface was 0.15um (rms)'; that this applies to C-plain is an inference.,"Cu structure, 10 x 10 mm projected area, heated through a copper rod. Heat loss within 10%.","Horizontal upward-facing, inferred ('liquid level ... 20 mm above the top surface of the structure')","1 atm, saturated ('maintained at saturation (~56 C at 1 atm)')","C-plain 0.9-15.4 W/cm2. The upper limit is the 85 C base temperature, not CHF; the authors say CHF lies about 5-10% higher.","Steady: readings after steady state, averaged over 35 min",Unknown for C-plain (155 points in total across the enhanced structures),"Thesis text open. Curves are figures (Figs. 3.2, 3.8). Tables give fits q'' = C dT^n (q in W/cm2, dT in K): C-plain single fit C = 0.0293, n = 1.9366 (0.9-15.4). Piecewise: 5e-5/4.461 (2.1-4.8), 0.0126/2.3189 (4.8-8.5), 0.3285/1.1589 (8.5-15.4).",yes,yes,"None (no Cooper or Rohsenow in the text). Around 72 kW/m2 the fit gives dT ~ q^0.43, against Cooper's 0.33.","Confirmed from the GT repository full text: PF-5060 at 1 atm saturated, steady, plain Cu 10x10 mm up to 15.4 W/cm2 with tabulated power-law fits that bracket 7.2 W/cm2. Caveats: orientation inferred, raw points figure-only, top limit set by temperature rather than CHF, and the authors note performance degraded after overnight immersion.",https://repository.gatech.edu/server/api/core/items/1c953dba-aa1f-4b66-92f0-d9e0c8eb4f74 ; full text via https://repository.gatech.edu/server/api/core/bitstreams/bbcb4b6a-595b-4597-a46f-316b8f502d5a/content
A_primary,2006,"Jack L. Parker, Mohamed S. El-Genk",Effect of Surface Orientation on Nucleate Boiling of FC-72 on Porous Graphite,"Journal of Heat Transfer 128, 1159-1175",10.1115/1.2352783,https://doi.org/10.1115/1.2352783,FC-72,"Smooth (plane) copper baseline next to porous graphite. Prep per the 2008 report: #400 emery, Brasso polish, then a final #1500 emery finish (grooves about 1.6 um wide). Ra not stated.",Uniformly heated 10 mm x 10 mm copper,"0 (upward), 60, 90 (vertical), 120, 150 and 180 deg. Plane-Cu FC-72 curves at all six angles are in report Figs 4.14 and 4.15.","Saturated at local atmospheric pressure of about 0.085 MPa (Albuquerque, per the 2008 report). Subcooling 0/10/20/30 K tested in the upward orientation only.","To CHF. Report Table 4.1: saturated upward plane-Cu CHF 16.9 W/cm2 at dTsat 21.3 K. The report says CHF 'decreases slowly with increasing inclination angle up to 90 deg', so 7.2 W/cm2 is very likely below CHF at 90 deg (value not read). JHT abstract: Cu CHF at 180 deg is 4.9 W/cm2.",Steady state: two successive average temperatures within +/-0.2 K (2008 report),"Unknown. Power steps are under 0.5 W/cm2 (2008 report), so likely many points.","Figures in the journal paper and the open 2008 report. Report Table 4.1 gives a few numbers for saturated upward plane Cu: q = 6.3, 11.9 and 14.8 W/cm2 at dTsat = 11, 14 and 17 K.",yes,yes,None found,"Existence and the abstract (smooth Cu 10x10 mm, FC-72 saturation boiling, 0-180 deg) are confirmed. The 0.085 MPa pressure, steady-state criterion, surface prep, and the 16.9 W/cm2 CHF with numeric q at 11/14/17 K are confirmed from the open 2008 report by the same authors on the same rig. Vertical (90 deg) plane-Cu curves exist, but Ra is not given.","https://api.crossref.org/works/10.1115/1.2352783 ; https://api.openalex.org/works/doi:10.1115/1.2352783 ; https://isnps.unm.edu/reports/ISNPS_Tech_Report_85.pdf (UNM-ISNPS-1-2008, Parker & El-Genk)"
A_primary,1990,I. Mudawar; T. M. Anderson,"Parametric Investigation Into the Effects of Pressure, Subcooling, Surface Augmentation and Choice of Coolant on Pool Boiling in the Design of Cooling Systems for High-Power-Density Electronic Chips","Journal of Electronic Packaging 112(4), 375-382",10.1115/1.2904392,https://engineering.purdue.edu/mudawar/files/articles-all/1990/1990_3.pdf,"FC-72 (also FC-87), deaerated by 30 min of vigorous boiling","Flat Cu chip, 'vapor blasted with an air/water/silica slurry'. Non-enhanced, Ra not stated. Enhanced studs and pins were tested separately.",Oxygen-free Cu calorimeter with a cartridge heater. Boiling surface 12.7 x 12.7 mm. Heat flux from a 4-thermocouple linear fit.,Vertical,"Saturated at 1, 2 and 3 atm (Tsat 56, 78, 93 C per Table 2). Subcooled runs (dTsub 20 and 35 C) are reported separately.","About 3x10^3 W/m2 up to CHF. Flat-surface CHF in FC-72 is 20.3 (1 atm), 24.9 (2 atm) and 25.6 (3 atm) x10^4 W/m2, so 72 kW/m2 is about 35% of CHF.","Steady state: 'supplying power to the test heater in small increments, and recording steady-state readings following each increment'","About 12-20 per curve, counted approximately from the rendered log-log Figs 5 and 7","Figure only: log-log q vs dTsat. Fig 5 is FC-72 vs FC-87 at 1 atm; Fig 7 is FC-72 at 1, 2 and 3 atm. Clear markers, digitizable.",yes,yes,"None. The paper compares no nucleate-boiling correlation (no Cooper or Rohsenow); only CHF correlations (Zuber, Ivey-Morris) appear. The pressure series (p_r about 0.055-0.17) can test Cooper's p_r term.","Every key claim checked out in the open PDF: vertical 12.7 mm flat Cu, saturated FC-72 at 1/2/3 atm, steady-state increments, CHF values, and digitizable log-log curves. The only caveats are a small heater, a vapor-blasted surface with unstated Ra, and figure-only data. It is the closest match to a vertical chip in this batch.",https://api.crossref.org/works/10.1115/1.2904392 ; https://engineering.purdue.edu/mudawar/files/articles-all/1990/1990_3.pdf (downloaded; text extracted and Figs 5 and 7 viewed)
A_primary,1989,"T. M. Anderson, I. Mudawar",Microelectronic Cooling by Enhanced Pool Boiling of a Dielectric Fluorocarbon Liquid,"Journal of Heat Transfer 111, 752-759",10.1115/1.3250747,https://engineering.purdue.edu/mudawar/files/articles-all/1989/1989_4.pdf,FC-72,"Three smooth Cu finishes: mirror polish (12,000-grit lapping), sanded (600 grit), vapor blasted. Ra not given. Enhanced surfaces (cavities, fins, studs) are also tested.","Copper calorimeter bar with a 12.7 x 12.7 mm chip (4.78 mm thick base chip), cartridge heater",Vertical,"Atmospheric, saturated ('maintaining the fluid at atmospheric saturated conditions'), deaerated by 30 min of boiling","Up to CHF. Fig 8 CHF: mirror 19.8, sanded 20.5, vapor blasted 20.3 W/cm2. (The 20.7 in the candidate comes from the Fig 7 waiting-time test or the Fig 9 cavity array, not the vapor-blasted surface.) 7.2 W/cm2 is well below CHF.",Power raised in 'small increments' to CHF; no explicit steady-state criterion in the 1989 paper. Reproducibility within +/-0.1 C. Strong incipience-hysteresis and waiting-time effects (Fig 7).,About 10-14 per curve from incipience to CHF (counted from the rendered Fig 8),"Figure only (clear log-log q vs dTsat, Fig 8). Heat flux is corrected for heat loss.",yes,yes,None in the text,"The only vertical-orientation FC-72 plain-surface set in this batch. It is saturated and atmospheric, with three roughness levels and CHF of about 20 W/cm2 in a clear digitizable figure. Caveats: no stated steady-state criterion, roughness given only as grit, and a large roughness effect at about 7 W/cm2 (mirror dT is roughly twice the sanded dT, read by eye). One CHF value was corrected.","https://api.crossref.org/works/10.1115/1.3250747 ; https://engineering.purdue.edu/mudawar/files/articles-all/1989/1989_4.pdf (full text, Figs 7-8 viewed)"
B_usable_with_caveats,2025,"Cheng-Min Yang, M. Muneeshwaran, Yifeng Hu, Gustavo Pottker, Samuel F. Yana Motta (ORNL / Chemours)",Pool boiling heat transfer evaluation of next-generation dielectric fluid: Opteon 2P50,"International Journal of Thermofluids 29, 101379 (open access; DOE copy on OSTI 2586914)",10.1016/j.ijft.2025.101379,https://www.osti.gov/servlets/purl/2586914,HFE-7100 (validation runs) and Opteon 2P50. Not FC-72. Appendix Table A1 indexes 26 FC-72 smooth-surface studies.,"Smooth aluminum; Ra 0.4 um before testing, 0.43 um after",Aluminum heating block with a 25.4 x 25.4 mm boiling surface on a 37 mm neck; nine type-T thermocouples for the gradient,Horizontal upward-facing ('The top surface of the aluminum heating block' is the boiling surface),"Saturated. HFE-7100 at 40, 60, 80 and 100 kPa.","20-150 kW/m2 in ~20 kW/m2 ascending steps up to CHF, then descending. This covers 72 kW/m2.",Yes: data recorded over 10 min after steady state was reached; no significant hysteresis between ascending and descending runs,"About 6-8 per curve, inferred from the step size; not tabulated",Figures only for the curves; 'Data will be made available on request.' Table A1 is a numeric literature index.,yes,yes,"Yes, using Rp = Ra = 0.4 um. HFE-7100: 'approximately 1.6%-18% higher than the value predicted by the correlation, and the general trend is similar'. For 2P50, a modified Cooper with a refitted leading constant gives 5.3% mean absolute error.","All candidate claims were verified from the OSTI PDF: the abstract, the 25.4 mm surface, Ra 0.4/0.43 um, the 40-100 kPa HFE-7100 runs, the Cooper 1.6-18% statement, 'Data will be made available on request', and Table A1 (26 FC-72 smooth-surface rows, e.g. Zimmermann 2020: FC-72, 50-180 kPa, smooth d = 35 mm). It meets everything except the fluid (HFE-7100), so it rates B. Its best use here is the Cooper method template and the FC-72 literature index.",https://api.crossref.org/works/10.1016/j.ijft.2025.101379 ; https://www.osti.gov/servlets/purl/2586914 (14-page PDF downloaded and text-extracted)
B_usable_with_caveats,2022,Matthias Zimmermann,Experimental Investigation of Nucleate Boiling on Microstructured and Smooth Surfaces,"PhD dissertation, TU Darmstadt (TUprints), CC BY-NC-ND 4.0",10.26083/tuprints-00019673,https://tuprints.ulb.tu-darmstadt.de/19673,FC-72 (also ethanol),"'Two uncoated copper surfaces with different roughness are produced for comparison', plus Cu microneedle surfaces (1 um diameter, 10 and 20 um long). Roughness values unknown.","Copper heater module plus an IR-transparent module. CORRECTION: the abstract says 'a new experimental setup is constructed', so it is not necessarily the 2019 35 mm rig.",unknown,"'a large pressure, temperature, and heat flux range'; exact values unknown","Unknown. The abstract says CHF was measured, including on the uncoated surfaces.",unknown,unknown,Thesis PDF (open access but bot-blocked here); tables or appendices unknown,yes,unknown,'The experimental data of the uncoated surfaces obtained with the new setup is validated by comparing the data to correlations and data published by other researchers'. Which correlations is unknown.,"Existence, FC-72, uncoated-Cu baselines, CHF measurement and correlation validation are confirmed from the DataCite abstract. The full text could not be read, so orientation, flux range, points and data form are unverified.","https://api.datacite.org/dois/10.26083/tuprints-00019673 ; https://tuprints.ulb.tu-darmstadt.de/19673 (PDF blocked by Anubis bot check, confirmed)"
B_usable_with_caveats,2021,"Robert Kaniowski, Robert Pastuszko",Boiling of FC-72 on Surfaces with Open Copper Microchannel,"Energies 14(21), 7283 (open access)",10.3390/en14217283,https://www.mdpi.com/1996-1073/14/21/7283,FC-72,Smooth plain Cu reference ('a smooth plain surface') plus milled microchannel surfaces. Roughness not stated.,Copper specimen 27 x 27 mm soldered to a cartridge-heated copper block; K-type thermocouples in the block,"Not stated explicitly. Inferred horizontal upward-facing, since the 'liquid level above the specimen surface exceeded 50 mm'.",Atmospheric. The liquid was degassed by boiling for 15 min. Saturation is implied; subcooling is not stated.,Heat flux increased until CHF. Enhanced surfaces reached up to 271.7 kW/m2. The smooth-surface CHF value is not given in the text read; smooth data appear at least over 20-60 kW/m2 (HTC comparison).,Quasi-steady: 'Temperature measurements were recorded every 15 min ... allowed for the temperatures to stabilize',unknown (figure),"Figure only (Figs. 6, 7, 13). Data Availability Statement: 'available on request from the corresponding author'.",yes,unknown,"No Cooper. Plain-surface data are compared with Kruzhilin, Kutateladze and Rohsenow (Csf 0.004 fitted, 0.0055 from Passos et al.) in Fig. 13, 'Comparison ... for FC-72, plain surface'.","Confirmed from the PDF: FC-72, atmospheric, smooth plain Cu 27x27 mm reference, stepwise to CHF, Rohsenow fit (Csf = 0.004) for the plain surface. Caveats: figure-only (data on request), orientation inferred, and the smooth-surface CHF not stated, so whether 72 kW/m2 lies below it is unconfirmed. The abstract's 2x CHF gain suggests a smooth CHF of roughly 100-140 kW/m2, which is an inference.","https://api.openalex.org/works/doi:10.3390/en14217283 ; https://mdpi-res.com/d_attachment/energies/energies-14-07283/article_deploy/energies-14-07283-v2.pdf (downloaded, text extracted)"
B_usable_with_caveats,2020,Xiaoguang Fan; Mohamed M. Mahmoud; Atanas Ivanov; Tassos G. Karayiannis,Saturated Nucleate Boiling with HFE-7100 on a Plain Smooth Copper Surface,"Proc. 5th World Congress on Momentum, Heat and Mass Transfer (MHMT'20), Paper ICMFHT 123",10.11159/icmfht20.123,https://bura.brunel.ac.uk/bitstream/2438/21718/1/FullText.pdf,"HFE-7100 (close dielectric, NOT FC-72)","Plain smooth polished Cu, Ra = 0.019 um, contact angle about 9 deg","Top surface of a Cu disk, 40 mm diameter x 5 mm","Horizontal, facing up","Saturated at 0.7, 1.0, 1.5 and 2.0 bar","Up to CHF. From Fig. 4a, CHF is about 145 (0.7 bar) to about 240 (2 bar) kW/m2, so 72 kW/m2 is below CHF.",Steady state: pressure and heat flux stable for 10 min (within 1.5 K and 3 kPa),"About 12-15 per curve, read from Fig. 4a",Figure only (linear-axis q vs dTsat and h vs q); open-access PDF,yes,yes,Cooper [20] is among the 18 correlations assessed (MAD 13.8-752.5%). Only Forster-Zuber is shown as reasonable (MAD 11.8-21.3%); Cooper's individual MAD is not reported.,"All claims confirmed in the open PDF. The ratings drop because of the different fluid (HFE-7100) and horizontal orientation. Otherwise it is excellent: smooth Ra stated, a 40 mm heater, a 4-pressure series, steady state, and Cooper assessed. Crossref lists only 3 authors; the PDF adds Karayiannis.",https://api.crossref.org/works/10.11159/icmfht20.123 ; https://bura.brunel.ac.uk/bitstream/2438/21718/1/FullText.pdf (downloaded; text and Fig. 4 viewed)
B_usable_with_caveats,2019,"R. Kaniowski, R. Pastuszko, M. Bedla-Pawlusek, L. Nowakowski (2019); R. Kaniowski, R. Pastuszko (2021)","Study of pool boiling heat transfer with FC-72 on open microchannel surfaces (EPJ Web Conf. 2019), with companion paper Boiling of FC-72 on Surfaces with Open Copper Microchannel (Energies 2021)","EPJ Web of Conferences 213, 02038 (2019); Energies 14, 7283 (2021)",10.1051/epjconf/201921302038,https://www.epj-conferences.org/articles/epjconf/pdf/2019/18/epjconf_efm18_02038.pdf,FC-72,Enhanced microchannel copper study that includes a smooth flat copper reference surface; roughness not stated,"Copper specimen with a 27 x 27 mm2 active area, soldered to a copper heating cylinder",Horizontal upward-facing (Energies 2021: 'the liquid level above the specimen surface exceeded 50 mm'),"Atmospheric, saturated (liquid degassed at the boiling point; properties at 1013.25 hPa, Tsat 329.6 K)","Run 'with an increase in the heat flux until the boiling crisis (CHF)'. The smooth-surface CHF is not stated numerically in what I read. The 2021 abstract reports a two-fold CHF increase over smooth, with a microchannel maximum of 271.7 kW/m2, so smooth CHF is roughly 136 kW/m2 (my inference). Fig. 13 plots plain-surface HTC on a 0-150 kW/m2 axis.",unknown,unknown,"Figures. 2021: 'data ... are available on request'. The 2019 Table 1 smooth fit (C = 0.001, n = 3.57) is unverified by me because the EPJ PDF was blocked.",yes,unknown,"No Cooper comparison. The 2021 Fig. 13 compares FC-72 plain-surface HTC with Kutateladze, Kruzhilin and Rohsenow; Rohsenow with a fitted Csf = 0.004 matched within ±30%.","Existence, saturated FC-72 at atmospheric pressure and the smooth flat reference are confirmed from the Crossref abstracts and the fetched Energies 2021 PDF (27x27 mm Cu, upward-facing, run to CHF, Rohsenow/Kutateladze/Kruzhilin comparison, data on request). The heater size suits the CPU case, but the steady-state criterion, points per curve, roughness and smooth CHF are unconfirmed, and the data are figure-only. The '2021 compared with selected correlations' claim is now specified: not Cooper.",https://api.crossref.org/works/10.1051/epjconf/201921302038 ; https://api.crossref.org/works/10.3390/en14217283 ; https://mdpi-res.com/d_attachment/energies/energies-14-07283/article_deploy/energies-14-07283.pdf (Energies 2021 PDF downloaded and text-extracted). The EPJ PDF returned 403 (bot wall) and was not read.
B_usable_with_caveats,2018,Zhen Cao; Bin Liu; Calle Preger; Zan Wu; Yonghai Zhang; Xueli Wang; Maria E. Messing; Knut Deppert; Jinjia Wei; Bengt Sunden,Pool boiling heat transfer of FC-72 on pin-fin silicon surfaces with nanoparticle deposition,"International Journal of Heat and Mass Transfer 126, 1019-1033",10.1016/j.ijheatmasstransfer.2018.05.033,https://doi.org/10.1016/j.ijheatmasstransfer.2018.05.033,FC-72,"Micro-pin-fin Si, with and without FeMn oxide nanoparticles, compared with a 'smooth surface' (presumably smooth Si; not stated)",unknown,unknown,"Atmospheric, subcooled (subcooling values not stated in the abstract)",To CHF. Pin-fin #1 CHF is 'almost twice' the smooth value; absolute values unknown.,unknown,unknown,Figure only (paywalled),yes,unknown,Only a modified CHF model; nucleate-boiling correlation comparison unknown,"Existence and the smooth-surface reference in subcooled FC-72 at 1 atm are confirmed from the Semantic Scholar abstract. It is subcooled only, with unknown chip size, orientation and flux values, so it is weak and low priority.",https://api.crossref.org/works/10.1016/j.ijheatmasstransfer.2018.05.033 ; https://api.semanticscholar.org/graph/v1/paper/DOI:10.1016/j.ijheatmasstransfer.2018.05.033 ; https://scholar.xjtu.edu.cn/en/publications/pool-boiling-heat-transfer-of-fc-72-on-pin-fin-silicon-surfaces-w/
B_usable_with_caveats,2018,"K.K. Wong, K.C. Leong",Saturated pool boiling enhancement using porous lattice structures produced by Selective Laser Melting,"International Journal of Heat and Mass Transfer 121, 46-63",10.1016/j.ijheatmasstransfer.2017.12.148,https://dr.ntu.edu.sg/server/api/core/bitstreams/eb914eb7-2393-4ed4-ba05-b0c8d7c4b76b/content,FC-72,Plain copper benchmark 'polished to a mirror-like finish' (Ra not given). Main topic is SLM octet lattices.,"Copper block with exposed 10 x 10 mm area, 6.24 mm rod heater, Teflon insulation","Upward-facing inferred: substrate at the top of the copper block, liquid about 60 mm above the test specimen","Atmospheric, saturated (Tsat 56 C), degassed about 1 h",Plain CHF 17.5 W/cm2; incipience at 12 C and 3 W/cm2; average h 0.48 W/cm2K. 7.2 W/cm2 is below CHF.,Steady when the reading stays within +/-0.5 C over 2 min (10-20 min per step in nucleate boiling); 2 Hz averaged over 1 min,Unknown. Power steps of 1.0-5.0 W on 1 cm2 (1-5 W/cm2) suggest few points in the nucleate region.,"Figure only (Fig 9a boiling curve, 9b h)",yes,yes,None seen,"All candidate claims confirmed. Caveats: figure-only, coarse 1-5 W/cm2 steps may give only a handful of nucleate points, orientation inferred, and a small 10 mm heater.","https://api.crossref.org/works/10.1016/j.ijheatmasstransfer.2017.12.148 ; https://dr.ntu.edu.sg/server/api/core/bitstreams/eb914eb7-2393-4ed4-ba05-b0c8d7c4b76b/content (accepted manuscript, full text)"
B_usable_with_caveats,2015,"Suchismita Sarangi, Justin A. Weibel, Suresh V. Garimella",Effect of particle size on surface-coating enhancement of pool boiling heat transfer,"International Journal of Heat and Mass Transfer 81, 103-113",10.1016/j.ijheatmasstransfer.2014.09.052,https://docs.lib.purdue.edu/coolingpubs/250/,FC-72,"Polished copper baseline ('enhancing boiling performance over a polished surface') plus free-particle and sintered Cu-particle coatings. Mahmoud & Karayiannis list it as 'Diamond sheet polishing', roughness not reported.",unknown (the 25.4 x 25.4 mm claim from Yang et al. 2025 was not verified in this session),unknown,unknown from sources read (saturation presumed),"Mahmoud & Karayiannis Table 1: polished Cu CHF 0.113 MW/m2, dT_CHF 27.9 K, HTC 2.76 kW/m2K",unknown,unknown,"Figure only, presumed. The Purdue e-Pubs postprint exists but returned HTTP 403 here.",yes,yes,unknown,"Existence, FC-72 and the polished baseline are confirmed. A plain CHF of 113 kW/m2 (from the review) means 72 kW/m2 is below CHF but at about 64% of it. Heater size, orientation, pressure and data form are unverified because the full text was inaccessible.",https://api.crossref.org/works/10.1016/j.ijheatmasstransfer.2014.09.052 ; https://docs.lib.purdue.edu/coolingpubs/250/ (landing page and abstract fetched; PDF 403) ; https://bura.brunel.ac.uk/bitstream/2438/23030/4/FullText.pdf (Table 1 Sarangi row)
B_usable_with_caveats,2014,"Jungho Kim, Rishi Raj",Gravity and Heater Size Effects on Pool Boiling Heat Transfer (NASA/CR-2014-216672),NASA Contractor Report NASA/CR-2014-216672 (E-18879),,https://ntrs.nasa.gov/api/citations/20140010367/downloads/20140010367.pdf,"n-perfluorohexane (nPFH, the principal constituent of FC-72)","Very smooth Pt-on-quartz microheater arrays. 'Due to the smoothness of the microheater arrays ... no nucleation ... at nominal nucleate boiling temperatures was observed', so a 130 C pulse was used to trigger nucleation.","96-element constant-temperature microheater arrays, 2.7 mm and 7.0 mm square; 96, 64 or 36 active elements",Horizontal upward-facing (natural convection estimated 'on an upward facing heater'),"1 g matrix (Table 8): 0.58, 1.0, 1.38, 1.6 and 1.86 atm; dTsub = 1, 11, 26 C (no exactly saturated case)","Nucleate boiling through CHF for most conditions (e.g., 7.3 W/cm2 at 0.58 atm, dTsub 1 C, 7 mm heater). Conservative 1 g heat-flux uncertainty is 0.8-2.1 W/cm2 (Table 10).","Quasi-steady: constant wall temperature, 30 s of boiling data per set point",10 set wall temperatures per condition (Table 8),"Figures in an open report (e.g., Figs. 42-43); 1 g data availability as numbers unknown",yes,unknown,Cooper is cited only in the review section (gravity exponent 0); no Cooper test. The report says heat transfer 'throughout the entire nucleate boiling regime up to CHF ... increase with increasing pressure'.,"Confirmed from the NTRS PDF: nPFH, smooth microheaters, a 1 g pressure series at 0.58-1.86 atm with 10 points per curve. Several caveats: small heaters (2.7/7 mm), 1 K minimum subcooling, 30 s constant-temperature runs, large 1 g heat-flux uncertainty (about 1-2 W/cm2) and figure-only data. Better used as a secondary check of the pressure trend than as primary Cooper data.","https://ntrs.nasa.gov/api/citations/20140010367 ; https://ntrs.nasa.gov/api/citations/20140010367/downloads/20140010367.pdf (downloaded, text extracted)"
B_usable_with_caveats,2013,Bradley Bon; James Klausner; Edward McKenna,An Investigation of Pool Boiling Heat Transfer on Single Crystal Surfaces and a Dense Array of Cylindrical Cavities,"Journal of Heat Transfer 135(12), 121501",10.1115/1.4024652,https://doi.org/10.1115/1.4024652,FC-72 (perfluoro-n-hexane) and n-hexane,"Smooth single-crystal Cu (3 planes) and undoped single-crystal Si (5 orientations), plus Si with dense cylindrical cavities",Single-crystal Cu and Si surfaces; size unknown,unknown,unknown. BubbleML's Tsat = 58 C is its own simulation setting and does not confirm the experiment.,unknown,unknown,unknown,Figure only (paywalled),yes,unknown,"unknown. BubbleML (arXiv 2307.14623) matches its simulations to the 'experimental boiling curve, specifically for Si(100) surface [4]' = this paper.","I confirmed existence, FC-72, and smooth single-crystal Cu/Si curves from Crossref, and confirmed the BubbleML citation in the arXiv PDF. Heater size, orientation, pressure, flux range and points are all unknown. Single-crystal surfaces are atypical of a CPU lid.",https://api.crossref.org/works/10.1115/1.4024652 ; https://arxiv.org/pdf/2307.14623 (downloaded; ref [4] and App. text checked)
B_usable_with_caveats,2013,"J.P. McHale, S.V. Garimella",Nucleate boiling from smooth and rough surfaces - Part 1: Fabrication and characterization of an optically transparent heater-sensor substrate with controlled surface roughness; Part 2: Analysis of surface roughness effects on nucleate boiling,Experimental Thermal and Fluid Science 44 (Part 1: 456-467; Part 2: 439-455),10.1016/j.expthermflusci.2012.08.006 (Part 1); 10.1016/j.expthermflusci.2012.08.005 (Part 2),https://docs.lib.purdue.edu/coolingpubs/184,FC-72 (the Part 2 roughness correlations also pool FC-77 and water data sets),"Seven non-enhanced surfaces of controlled roughness: borosilicate glass abraded with diamond compound, annealed, and ITO-coated. Smooth and rough cases included; Ra values not read.",ITO thin-film heater/sensor on a 50.8 x 50.8 x 3.18 mm glass substrate (heated area not read),Probably horizontal upward-facing: the abstract mentions visualizations 'from the side and from below the heaters'. Not explicitly stated.,"Saturated, atmospheric ('saturated pool boiling at atmospheric pressure')",unknown,unknown,unknown,Figure only as far as known (the Purdue PDF and ScienceDirect both returned 403),yes,unknown,"Not confirmed. Abstract: wall superheat 'was found not to vary consistently with surface average roughness (Ra)', and FC-72 data 'correlate best with a length-scale filtered value of average roughness Ra,filt'.","The Purdue e-Pubs abstracts (fetched) confirm FC-72, 7 surfaces of controlled roughness, a saturated atmospheric pool, and reported boiling curves. This set is useful for testing Cooper's Rp term, but the glass/ITO substrate is unlike a metal lid, and the flux range, points and data form could not be confirmed (PDF blocked). Added the Part 2 page range.",https://api.crossref.org/works/10.1016/j.expthermflusci.2012.08.006 ; https://api.crossref.org/works/10.1016/j.expthermflusci.2012.08.005 ; https://docs.lib.purdue.edu/coolingpubs/184 ; https://docs.lib.purdue.edu/coolingpubs/183
B_usable_with_caveats,2011,Saeil Jeon; Byeongnam Jo; Debjyoti Banerjee,Enhancement of Saturation Boiling of PF-5060 on Microporous Surface,"ASME/JSME 2011 8th Thermal Engineering Joint Conference (AJTEC2011-44408, article T10195)",10.1115/ajtec2011-44408,https://doi.org/10.1115/ajtec2011-44408,PF-5060 (also degassed DI water),Bare silicon wafer as the reference vs microporous Cu on a Cu-coated Si wafer,Wafer diced to 40 mm x 68 mm (heating method unknown),unknown,Saturated; pressure not stated,unknown,unknown,unknown,"unknown (conference paper, paywalled)",yes,unknown,unknown,"Existence, PF-5060, saturated conditions, the bare-Si 40x68 mm reference and about 15% heat-flux uncertainty are confirmed from the Crossref abstract. The heater is CPU-scale, but orientation, pressure, flux range and data form are all unknown, so it is weak. I corrected the candidate's URL, which was an unrelated Crossref query, to the DOI record.",https://api.crossref.org/works/10.1115/ajtec2011-44408 ; https://api.openalex.org/works/doi:10.1115/ajtec2011-44408
B_usable_with_caveats,2011,Shu-Che Lee; Liang-Han Chien,Experimental study of pool boiling on pin-finned and straight-finned surfaces on an inclined plate in FC-72,"Journal of Enhanced Heat Transfer 18(4), 311-324",10.1615/JEnhHeatTransf.v18.i4.50,https://pure.lib.cgu.edu.tw/en/publications/experimental-study-of-pool-boiling-on-pin-finned-and-straight-fin/,FC-72,Plain copper surface plus 4 straight-finned and 6 pin-finned surfaces,Copper; size unknown,Three orientations (inclined plate); angles not stated in the abstract,"Saturated at Tsat = 50 C, i.e. below atmospheric for FC-72; pressure not stated","To CHF. The Mendeley dataset lists smooth Cu CHF of 154.8 kW/m2 for this paper (orientation not given), so 72 kW/m2 is below CHF.",unknown (increasing and decreasing heat-flux tests),unknown,unknown (paywalled; probably figures),yes,yes,Only a CHF correlation for finned surfaces (14.95% rms); no nucleate-boiling correlation comparison mentioned,"Confirmed via OpenAlex abstract: saturated FC-72 at Tsat 50 C, a plain Cu surface at three inclinations, and h rising with inclination at low flux. Angles, heater size, data form and points are unknown, and pressure is only implied by Tsat.",https://api.crossref.org/works/10.1615/JEnhHeatTransf.v18.i4.50 ; https://api.openalex.org/works/doi:10.1615/JEnhHeatTransf.v18.i4.50 ; https://pure.lib.cgu.edu.tw/en/publications/experimental-study-of-pool-boiling-on-pin-finned-and-straight-fin/ ; Mendeley CSV
B_usable_with_caveats,2009,"Liang-Han Chien, Shu-Che Lee (National Taipei University of Technology). The second author is Shu-Che Lee, not 'Y.-L. Lee'.",Effects of Enhanced Surface Inclination on Pool Boiling of a Dielectric Fluid,"ASME 2009 InterPACK Conference, Vol. 2, 753-760. Journal version: S.-C. Lee & L.-H. Chien, J. Enhanced Heat Transfer 18(4) (2011) 311-324, doi 10.1615/jenhheattransf.v18.i4.50",10.1115/interpack2009-89101,https://doi.org/10.1115/interpack2009-89101,FC-72,Plain copper baseline plus straight-fin and pin-fin surfaces (the journal version says 'copper surfaces'),unknown size; copper (per the 2011 journal abstract),0 deg (upward-facing) to 90 deg (vertical); the journal abstract says 'three orientations',"Saturated at Tsat = 50 C, which implies sub-atmospheric pressure (exact value not stated in the abstract)",Runs up to CHF (the journal abstract discusses CHF); values unknown,"unknown. Increasing and decreasing heat-flux runs were made, with hysteresis on increasing runs.",unknown,unknown (paywalled; probably figures),yes,unknown,unknown. The journal version proposes a CHF correlation for finned surfaces.,"Existence, FC-72, the plain-surface baseline, the 0-90 deg inclinations and Tsat = 50 C are confirmed from the Crossref and OpenAlex abstracts. The 2011 abstract adds that 'For the plain surface, the heat transfer coefficient increased as the inclination angle increased at low heat fluxes'. A vertical plain-surface curve would fit the CPU case, but the heater size, exact pressure, flux range and data form are unconfirmed. I corrected the second author.",https://api.crossref.org/works/10.1115/interpack2009-89101 ; https://api.crossref.org/works/10.1615/jenhheattransf.v18.i4.50 ; https://api.openalex.org/works/doi:10.1615/jenhheattransf.v18.i4.50
B_usable_with_caveats,2009,"A. R. Schlindwein, F. O. Martin Jr, M. Misale, J. C. Passos",Nucleate boiling of FC-87/FC-72 zeotropic mixtures on a horizontal copper disc,"Heat and Mass Transfer 45(7), 937-944 (online 2008)",10.1007/s00231-008-0404-6,https://lepten.ufsc.br/publicacoes/boiling/periodicos/2009/HMT/schlindwein_martin-jr.pdf,"FC-72 (pure), plus FC-87 and FC-87/FC-72 mixtures","Plain copper polished with #600 emery, Ra = 1.1 um","Copper disc, 12 mm diameter, 1 mm thick","Horizontal, upward-facing","Atmospheric, saturated",0-40 kW/m2 only; nucleate boiling 12-40 kW/m2,Quasi-steady: data taken after 300 s at each heat flux,"At least 292 points in total, 96 of them for the pure fluids. Each plotted point averages at least 3 runs, and each run averages 90 samples over 65 s after 300 s. Fig. 5 shows fitted 'partial boiling curves'. Per-curve count unknown.","Figure only (partial boiling-curve fits and h vs q), plus deviation statistics in text",yes,no,"Yes. For FC-72 the average absolute deviations are 11.8% (Cooper), 36% (Stephan-Abdelsalam) and 58.8% (Rohsenow, Csf 0.0065). Fitted h = C q^n with n = 0.86.","Fully confirmed from the PDF, and it is a direct Cooper test on plain Cu with FC-72 (AAD 11.8%). However, q stops at 40 kW/m2, below the 72 kW/m2 target, and the data are figure-only fits on a horizontal disc.","https://api.crossref.org/works/10.1007/s00231-008-0404-6 ; https://lepten.ufsc.br/publicacoes/boiling/periodicos/2009/HMT/schlindwein_martin-jr.pdf (downloaded, text extracted)"
B_usable_with_caveats,2009,"V. Sathyamurthi, H.-S. Ahn, D. Banerjee, S. C. Lau",Subcooled Pool Boiling Experiments on Horizontal Heaters Coated With Carbon Nanotubes,"Journal of Heat Transfer 131(7), 071501",10.1115/1.3000595,https://db.tamu.edu/Publications/journal/VSHADB_JHT_131_071501_2009.pdf,PF-5060,MWCNT-coated Si (9 and 25 um) with an 'atomically smooth bare silicon wafer' control at each subcooling,Si wafer clamped on a cartridge-heated Cu cylinder; exposed area 5.9 x 3.2 cm2. Wall temperature is inferred from the Cu-cylinder temperature via a thin-film thermocouple lookup table (+/-1 C).,"Horizontal, upward-facing (wafer mounted on top of the Cu cylinder)","Atmospheric. Saturated and subcooled by 5, 10, 20 and 30 C. Degassed 30 min (not fully degassed).","Bare Si CHF 9.4 W/cm2 at dT 16.3 C (saturated); 10.4, 11.6, 13.0 and 13.6 W/cm2 at 5-30 C subcooling. Film boiling is also covered.",Steady: 1-2 h between steady-state conditions in nucleate boiling,unknown (power stepped 3-5 V per point),Figure only (Fig. 2: bare-Si curves at each subcooling),yes,yes,"None (no Cooper, Rohsenow or Stephan in the text)","Confirmed from the full text, with the DOI corrected: the cited DOI 10.1115/1.3086606 does not resolve, and Crossref and the PDF give 10.1115/1.3000595. The bare atomically smooth Si curve in saturated PF-5060 reaches CHF 9.4 W/cm2, so 7.2 W/cm2 sits at about 77% of CHF. Caveats: figure-only, inferred wall temperature, unrealistically smooth surface, horizontal only.","https://api.crossref.org/works?query.bibliographic=Subcooled%20Pool%20Boiling%20Experiments%20on%20Horizontal%20Heaters%20Coated%20With%20Carbon%20Nanotubes (returns DOI 10.1115/1.3000595; 10.1115/1.3086606 gives HTTP 404) ; https://db.tamu.edu/Publications/journal/VSHADB_JHT_131_071501_2009.pdf (downloaded, text extracted)"
B_usable_with_caveats,2005,A. Priarone,Effect of surface orientation on nucleate boiling and critical heat flux of dielectric fluids,"International Journal of Thermal Sciences 44, 822-831",10.1016/j.ijthermalsci.2005.02.014,https://doi.org/10.1016/j.ijthermalsci.2005.02.014,FC-72 and HFE-7100,Plane copper (per the secondary source). Finish and roughness unknown.,"Copper disc, 30 mm diameter (per UNM 2008 report Table 2.1)","0, 45, 90, 135, 175 deg",Saturated (Tsub = 0 per Table 2.1). Atmospheric pressure not confirmed from a primary source.,"Unknown for FC-72 (HFE-7100 saturation CHF on Cu is 25.2 W/cm2 per the UNM report citation). FC-72 CHF on a 30 mm Cu disc is likely above 7.2 W/cm2 at 0-90 deg, but this is not verified.",unknown,unknown,"Unknown (paywalled; abstract not retrievable from Crossref, OpenAlex or Semantic Scholar)",yes,unknown,Unknown. The UNM report says Priarone published CHF-vs-inclination correlations based on saturated FC-72 on plane copper.,"Existence confirmed by Crossref. Fluid, 30 mm Cu disc, saturation and angles come only from a secondary source (UNM 2008 report Table 2.1: 'Priarone, 2005 | HFE-7100, FC-72 | 30 mm dia. Cu | 0 | 0, 45, 90, 135, 175'). I could not reproduce the candidate's OSTI/ETDEWEB quote. The heater size is closest to a 40 mm CPU, but data form and points are unknown.",https://api.crossref.org/works/10.1016/j.ijthermalsci.2005.02.014 ; https://api.semanticscholar.org/graph/v1/paper/DOI:10.1016/j.ijthermalsci.2005.02.014 (abstract elided) ; https://isnps.unm.edu/reports/ISNPS_Tech_Report_85.pdf (Table 2.1 and CHF discussion)
B_usable_with_caveats,2005,"Jack L. Parker, Mohamed S. El-Genk",Enhanced saturation and subcooled boiling of FC-72 dielectric liquid,"International Journal of Heat and Mass Transfer 48, 3736-3752",10.1016/j.ijheatmasstransfer.2005.03.011,https://isnps.unm.edu/publications/479/,FC-72,"Journal text not readable (no abstract in OpenAlex, Crossref or Semantic Scholar; ScienceDirect closed). Companion papers by the same authors test porous graphite against smooth copper, 10 x 10 mm. Ra unknown.",10 x 10 mm (per companions IMECE2004-59905 and JHT 2006),"Not confirmed for this paper. In the companion JHT 2006 paper, the subcooled tests are upward-facing and the saturated tests run at 0, 60, 90, 120, 150 and 180 deg.","Saturated, plus 10, 20 and 30 K subcooled (per companions). Absolute pressure not stated in anything read.","Companion IMECE2004 gives Cu CHF of 16.9, 19.5, 23.6 and 28.0 W/cm2 (saturated, 10, 20, 30 K) and a 24 K temperature excursion at incipience on Cu. Journal values unknown.",unknown,unknown,unknown (journal not read; figures presumed),unknown,unknown,unknown. The companion abstracts compare only with other investigators' data and with a Kutateladze-form CHF correlation.,"The paper exists as cited (OpenAlex, UNM ISNPS list), but its smooth-Cu content could not be read. The smooth Cu baseline and CHF > 7.2 W/cm2 are confirmed only through same-author companion abstracts. The better-verified sibling is JHT 2006 (doi 10.1115/1.2352783), whose abstract confirms smooth Cu 10x10 mm at 0-180 deg, including 90 deg (vertical).",https://api.openalex.org/works/doi:10.1016/j.ijheatmasstransfer.2005.03.011 ; https://isnps.unm.edu/publications/479/ ; https://api.crossref.org/works/10.1115/imece2004-59905 ; https://api.crossref.org/works/10.1115/1.2352783 ; https://api.crossref.org/works/10.1115/ht2005-72289
B_usable_with_caveats,2003,"Kevin N. Rainey, S. M. You, S. Lee","Effect of Pressure, Subcooling, and Dissolved Gas on Pool Boiling Heat Transfer From Microporous Surfaces in FC-72","Journal of Heat Transfer 125, 75-83",10.1115/1.1527890,https://doi.org/10.1115/1.1527890,FC-72,Plain machine-roughened reference surface (not polished) plus a microporous-coated surface. Ra not stated in the abstract.,1 cm2 flat copper blocks,"Horizontal, upward-facing","30-150 kPa absolute. Subcooling 0 (saturated) to 50 K, both gas-saturated and pure-subcooled.",Nucleate boiling and CHF studied. Numeric values not in the abstract.,unknown,unknown,unknown (full text closed; likely figures),yes,unknown,unknown. The abstract says 'Correlations for both nucleate boiling and CHF were also presented'; which nucleate-boiling form is unknown.,"The OpenAlex abstract confirms the plain reference surface, FC-72, 1 cm2 horizontal upward Cu and the 30-150 kPa pressure series, which is valuable for testing Cooper's p_r term. The CHF values, point counts and data form could not be checked because the full text is closed. Caution: a different Rainey/You/Lee 2003 paper exists in IJHMT 46:23-35 on pin-finned surfaces; do not confuse the two.",https://api.openalex.org/works/doi:10.1115/1.1527890 ; https://api.semanticscholar.org/graph/v1/paper/DOI:10.1115/1.1527890
B_usable_with_caveats,2003,"Jinjia Wei, Hiroshi Honda","Boiling Heat Transfer from Silicon Chips with Micro-Pin-Fins Immersed in FC-72. Combined Effects of Fin Height and Fin Thickness. (Japanese; English counterpart: Wei & Honda, IJHMT 46 (2003) 4059-4070, doi 10.1016/S0017-9310(03)00226-6)","Transactions of the JSME Series B 69(679), 682-689",10.1299/kikaib.69.682,https://www.jstage.jst.go.jp/article/kikaib1979/69/679/69_679_682/_pdf,FC-72 (degassed and gas-dissolved),Smooth silicon chip 'chip S' (平滑なチップ（チップSと名付ける）) tested for comparison with six micro-pin-fin chips. Roughness not quantified.,"P-doped Si chip 10 x 10 x 0.5 mm, Joule-heated. q is based on projected area. Tw is defined as the chip back-surface centre temperature; the average temperature comes from resistance.","Mostly horizontal upward-facing (水平上向き). Fig. 6 compares horizontal and vertical boiling curves for chip S at dTsub = 25 K gas-dissolved; for chip S the vertical/horizontal qCHF ratio is 0.95, and the vertical surface gives considerably higher q in nucleate boiling.","About atmospheric (a rubber bag keeps the vessel near atmospheric pressure). dTsub = 0, 3, 25 and 45 K. Fig. 7 is saturated and degassed.","Fig. 7 (dTsub = 0, degassed): the chip S curve runs from about 1 to about 16 W/cm2 (CHF) at dTsat of roughly 20-36 K. At 7.2 W/cm2, dTsat is about 26 K (read from the figure).","Steady-state: power raised stepwise to CHF, readings averaged over 8 samples after steady state (定常状態に達した後)","Roughly 15 or more symbols on the chip S curve in Fig. 7 (visual count, approximate)","Figure only (scanned Japanese PDF, open on J-STAGE); needs digitizing",yes,yes,None seen. The figures compare only with Fishenden-Saunders natural convection and other authors' enhanced-surface curves.,"Confirmed from the page images: smooth chip S, FC-72 at atmospheric pressure, saturated degassed curve to CHF of about 16 W/cm2, steady state, plus a rare smooth-chip vertical-vs-horizontal comparison. Caveats: figure-only scan, a very smooth Si surface with large superheats (about 26 K at 72 kW/m2), and the wall temperature taken at the chip back. The vertical curve exists only at 25 K subcooling with dissolved gas.",https://api.openalex.org/works/doi:10.1299/kikaib.69.682 ; https://www.jstage.jst.go.jp/article/kikaib1979/69/679/69_679_682/_pdf (page images of pp. 683-686 read) ; https://api.crossref.org/works/10.1016/S0017-9310(03)00226-6
B_usable_with_caveats,2002,"H. Honda, H. Takamatsu (Crossref misspells it 'Takamastu'), J.J. Wei",Enhanced Boiling of FC-72 on Silicon Chips With Micro-Pin-Fins and Submicron-Scale Roughness,"Journal of Heat Transfer 124(2), 383-390 (April 2002; online 2001)",10.1115/1.1447937,https://doi.org/10.1115/1.1447937,"FC-72, degassed and gas-dissolved","Smooth silicon chip baseline, compared with micro-pin-finned chips (50x50x60 um fins) and submicron-roughened chips (RMS 25-32 nm)","Silicon chip, 10 x 10 x 0.5 mm",unknown (not stated in the abstract; the earlier 'probably horizontal' claim is unverified),"Pressure not stated in what I read. Subcooling 0, 3, 25 and 45 K (saturated case included).",unknown. Covers nucleate boiling up to the high-flux region; the smooth-chip CHF value was not read.,unknown,unknown,Probably figures only (full text paywalled; not read),yes,unknown,none known,"Existence, FC-72, the smooth-chip comparison, the 10x10 mm chip and the subcoolings are confirmed from the Crossref/OpenAlex abstract. The UNM TR83 review adds that the incipience excursion on the smooth chip was about 18 K in saturated FC-72. Orientation, pressure, heat-flux range and data form are not confirmed, and the data would need digitizing from a paywalled paper.",https://api.crossref.org/works/10.1115/1.1447937 ; https://api.openalex.org/works/doi:10.1115/1.1447937 ; https://isnps.unm.edu/reports/ISNPS_Tech_Report_83.pdf (review text)
B_usable_with_caveats,2001,"K.N. Rainey, S.M. You",Effects of heater size and orientation on pool boiling heat transfer from microporous coated surfaces,"International Journal of Heat and Mass Transfer 44, 2589-2599",10.1016/S0017-9310(00)00318-5,https://doi.org/10.1016/S0017-9310(00)00318-5,FC-72 (confirmed only by secondary sources: the UNM TR83 review and Yang et al. 2025 Table A1),Plain copper plus microporous-coated copper; plain baseline reported (per secondary sources),"Flush-mounted copper, 20 x 20 mm and 50 x 50 mm (compared with an earlier 10 x 10 mm). The 50 mm heater is the closest in size to a 40 mm CPU.",Several inclinations including vertical. TR83: rate increased for 0-45 deg and decreased beyond 90 deg. The exact angle set is unknown.,"Saturated, 101.3 kPa (from Yang 2025 Table A1, a secondary source)",Yang 2025 Table A1 lists CHF of 9.5-160 kW/m2 across sizes and orientations. The plain upward-facing CHF is not confirmed.,unknown,unknown,"unknown (paywalled; abstract elided in Semantic Scholar, ScienceDirect returned 403)",yes,unknown,none known,"Existence is confirmed by Crossref. TR83 (fetched) states: 'Rainey and You (2001) reported similar results for smooth Copper measuring 20 x 20 mm and 50 x 50 mm for saturation boiling of FC-72'. Yang 2025 Table A1 lists 'FC-72 101.3 0 56 ... 9.5-160 plain (20 mm*20 mm and 50 mm*50 mm)'. The heater size and orientation suit the CPU case, but I could not read the paper itself: data form, points and the plain-surface CHF are unknown.","https://api.crossref.org/works/10.1016/S0017-9310(00)00318-5 ; https://isnps.unm.edu/reports/ISNPS_Tech_Report_83.pdf (review, fetched) ; https://www.osti.gov/servlets/purl/2586914 (Table A1, fetched)"
B_usable_with_caveats,2000,K. N. Rainey; S. M. You,"Pool Boiling Heat Transfer From Plain and Microporous, Square Pin-Finned Surfaces in Saturated FC-72","Journal of Heat Transfer 122(3), 509-516",10.1115/1.1288708,https://doi.org/10.1115/1.1288708,FC-72,"Plain (uncoated) and microporous-coated surfaces, with fin lengths from 0 (flat) to 8 mm. The plain flat surface is the baseline.",Copper (per the Mendeley CSV). Size unknown; the 1 cm2 claim is not verified.,"Horizontal, facing up (abstract: 'horizontal orientation (fins are vertical)')","Saturated, atmospheric","To CHF. Flat plain Cu CHF is 188 kW/m2 per the digitized Mendeley CHF dataset, so 72 kW/m2 is below CHF.",unknown,unknown,unknown (paywalled; probably figures),yes,yes,Not shown in the abstract. The Crossref reference list includes Rohsenow 1962 but not Cooper.,"I confirmed existence, saturated FC-72 at 1 atm, horizontal orientation, and the plain flat surface. Plain CHF of 188 kW/m2 comes from a third-party digitized dataset. Heater size, points per curve, steady-state procedure and data form are unknown because the full text is paywalled, which keeps it out of A.",https://api.crossref.org/works/10.1115/1.1288708 ; https://data.mendeley.com/public-api/datasets/2dmgjjn324 (CSV row cites this DOI)
B_usable_with_caveats,1999,"T. D. Rule, J. Kim (CORRECTION: first author is T. D. Rule, not J.D. Rule)",Heat Transfer Behavior on Small Horizontal Heaters During Pool Boiling of FC-72,"Journal of Heat Transfer 121(2), 386-393",10.1115/1.2825991,https://doi.org/10.1115/1.2825991,FC-72,"Smooth Pt microheater array on quartz, no sidewalls","96 temperature-controlled heaters, each 0.27 x 0.27 mm, in a square array about 2.7 mm on a side (NTRS report describes the 'similar' array used by Rule and Kim 1999)",Horizontal,"Saturated (abstract). Atmospheric (Tsat 56 C) is stated in the related NTRS report, not confirmed for this paper.","Nucleate boiling, CHF and transition regimes covered; values unknown",Constant wall temperature; space- and time-averaged heat flux,unknown,figure only (presumed; paywalled),yes,unknown,none found,"Existence, FC-72, saturated, 96-heater array are confirmed; the author initial was corrected. Rated B only because the rubric puts small microheaters there. The 2.7 mm heater has large edge effects ('heat transfer from the edge heaters was observed to be much higher'), so it is weak for a 40 mm vertical CPU.",https://api.crossref.org/works/10.1115/1.2825991 ; https://api.openalex.org/works/doi:10.1115/1.2825991 ; https://ntrs.nasa.gov/api/citations/20010020434/downloads/20010020434.txt
B_usable_with_caveats,1997,"Stanley J. Reed, Issam Mudawar",Enhancement of boiling heat transfer using highly wetting liquids with pressed-on fins at low contact forces,"International Journal of Heat and Mass Transfer 40, 2379-2392",10.1016/S0017-9310(96)00286-4,https://engineering.purdue.edu/mudawar/files/articles-all/1997/1997_5.pdf,FC-72 (also FC-87),Bare oxygen-free copper heater (plain). Its finish is not stated; 'polished' and 'particle-blasted' refer to the fin contact faces.,12.7 mm square OFHC copper with a thick-film resistor on the back (orientation tests); a 12.7 mm round heater for the fin tests,"Every 15 deg from 0 deg (upward) to 165 deg, plus 180 deg. Vertical (90 deg) included.","1 atm. CORRECTION: the abstract says 'saturated', but the text says 'Experiments were run with the bulk fluid subcooled 1.5 C' because of boiling-induced flow. The Fig 13 x-axis is Ts - Tb (bulk), not Ts - Tsat.",Bare curves extend to CHF of about 20 W/cm2 (implied by '85 W/cm2 ... about a four-fold increase in CHF over that for a bare surface'). 7.2 W/cm2 is below CHF.,Steady state: DAS recorded when the standard deviation of heater temperature fell below a preset limit,"Unknown per angle. Fig 13 shows many overlapping markers for 13 angles, hard to separate individually.",Figure (Fig 13a) plus an arctangent fit of the angle-averaged curve (Table 2; coefficients garbled in text extraction),yes,yes,None. The authors conclude nucleate boiling is independent of orientation.,"Confirmed FC-72 bare-Cu curves at 1 atm including 90 deg, with steady-state data to about 20 W/cm2. Caveats: the pool was 1.5 C subcooled with superheat referenced to bulk temperature, overlapping markers make per-angle digitizing hard, and the bare-surface finish is not stated.","https://api.crossref.org/works/10.1016/S0017-9310(96)00286-4 ; https://engineering.purdue.edu/mudawar/files/articles-all/1997/1997_5.pdf (full text, Fig 13 viewed)"
B_usable_with_caveats,1997,"A.A. Watwe, A. Bar-Cohen, A. McNeil",Combined Pressure and Subcooling Effects on Pool Boiling From a PPGA Chip Package,"Journal of Electronic Packaging 119(2), 95-105",10.1115/1.2792226,https://doi.org/10.1115/1.2792226,"FC-72, degassed (FC-87 also mentioned for CHF)",Real plastic pin-grid-array (PPGA) chip package. Surface finish not stated; not described as enhanced.,PPGA chip package (size not in abstract),The abstract contrasts 'horizontal upward-facing chips' (+50% CHF) with 'vertically oriented packages' (+70%) at 30 C subcooling. It is unclear whether both orientations were tested here or one is a literature comparison.,101.3-303.9 kPa; subcooling 0-65 C (saturated runs included),To CHF. Saturated CHF rose ~17% from 101.3 to 202.7 kPa; absolute values not read.,unknown,unknown,unknown (full text paywalled; probably figures),unknown,unknown,Abstract: 'superheat reductions and CHF enhancements were found to be smaller than those predicted by existing models'. The models are not named in the abstract. The paper proposes a combined pressure-subcooling CHF correlation.,"Existence, FC-72, the PPGA package and the 101.3-303.9 kPa / 0-65 C ranges are confirmed from the Crossref/OpenAlex abstract. Its pressure sweep is valuable for testing Cooper's p_r dependence. However, the surface finish, heater size, heat-flux magnitudes, data form and which models were compared are not confirmed, and the package surface is not a clean plain metal heater.",https://api.crossref.org/works/10.1115/1.2792226 ; https://api.openalex.org/works/doi:10.1115/1.2792226
B_usable_with_caveats,1996,J. P. O'Connor; S. M. You; J. Y. Chang,Gas-Saturated Pool Boiling Heat Transfer From Smooth and Microporous Surfaces in FC-72,"Journal of Heat Transfer 118(3), 662-667",10.1115/1.2822683,https://doi.org/10.1115/1.2822683,"FC-72, gas-saturated (air dissolved, not degassed)",Smooth surface plus a microporous-treated surface,unknown,unknown (the candidate's 'horizontal per Parker & El-Genk 2008' was not verified),"Gassy-subcooling 0-40 C at 1 atm and 40-85 C at 3 atm. At 0 C gassy-subcooling and 1 atm the liquid is near-saturated, but dissolved gas still affects the curves.","To CHF. The treated surface reaches 78 W/cm2 at 85 C, a gain of about 400%, which implies a smooth baseline CHF of roughly 15-16 W/cm2 (my derivation).",unknown,unknown,unknown (paywalled; probably figures),yes,yes,unknown (Crossref references contain no Cooper or Rohsenow),"I confirmed existence and the smooth-surface FC-72 curves from the Crossref abstract. Caveats: dissolved gas (the abstract says smooth-surface curves show two regions above 20 C gassy-subcooling), mostly subcooled conditions, unknown heater size and orientation, and figure-only data.",https://api.crossref.org/works/10.1115/1.2822683
B_usable_with_caveats,1996,"Joonho Chang, S. M. You",Heater Orientation Effects on Pool Boiling of Micro-Porous-Enhanced Surfaces in Saturated FC-72,"Journal of Heat Transfer 118, 937-943",10.1115/1.2822592,https://doi.org/10.1115/1.2822592,FC-72,Uncoated (plain) Cu heater compared with Cu- and Al-particle microporous coatings. Ra unknown.,"Flush-mounted square Cu heater, 10 x 10 mm (Howard & Mudawar 1999 Table 1: 'Copper 10x10')","0, 45, 90, 135 and 180 deg (Howard & Mudawar 1999 Table 1), which includes vertical (90 deg)","Saturated, 101.3 kPa (Howard & Mudawar 1999 Table 1)",Nucleate boiling to CHF; numeric values not read,Steady (Howard & Mudawar 1999 Table 1 lists 'Steady'),unknown,unknown (full text closed); figures presumed,yes,unknown,Not indicated. The abstract mentions only a CHF-orientation correlation.,"Existence and abstract are confirmed ('nucleate boiling heat transfer for uncoated and coated surfaces are compared'). The Purdue table row decodes to FC-72, Cu 10x10, 101.3 kPa, steady, 0-180 deg. Plain-surface curves at 90 deg would suit a vertical CPU, but the CHF values, point counts and data form could not be read.","https://api.openalex.org/works/doi:10.1115/1.2822592 ; https://engineering.purdue.edu/mudawar/files/articles-all/1999/1999_4.pdf (Table 1, font-shifted digits decoded)"
B_usable_with_caveats,1993,"I. Mudawar, T.M. Anderson",Optimization of Enhanced Surfaces for High Flux Chip Cooling by Pool Boiling,"Journal of Electronic Packaging 115, 89-100",10.1115/1.2909306,https://engineering.purdue.edu/mudawar/files/articles-all/1993/1993_7.pdf,FC-72 (FC-87 also in Table 1b),Flat vapor-blasted copper reference surface (a smooth surface roughened by vapor blasting). Its boiling curve is given as a power-law fit. The rest of the paper covers enhanced and extended surfaces.,"Copper chip on a copper calorimeter bar, 12.7 x 12.7 mm base","Vertical. The Fig. 3 label reads 'Vertical Low-Profile Reference Surfaces', and the 1989 source paper says 'vertically oriented heat transfer surface area of 12.7x12.7mm2'.",Saturated. This paper implies 1 atm (FC-72 'boiling points of 56°C ... at one atmosphere'). The 1989 source paper states 'atmospheric saturated conditions'.,"The fit covers dT = 0-38.1 K, and the last segment ends at CHF (~20.3 W/cm2 from the fit). From the fit (my calculation), 7.3 W/cm2 occurs at dT = 13.6 K. Table 3 gives 1.41 / 13.18 / 17.30 x10^4 W/m2 at dT = 10 / 20 / 30 C.",Not described in this paper; it refers to Anderson and Mudawar (1989) for the procedure.,No raw points. A 5-segment piecewise power-law fit q = a dT^n (Table 1a).,"Numeric table of curve-fit coefficients (Table 1a for FC-72, 1b for FC-87) plus Table 3 point values",yes,yes,"None. Region IV (13.6-17.6 K) has n = 1.96, so dT ~ q^0.51; Region III (9.2-13.6 K) has n = 5.36. Both are my derivations.","Table 1(a) coefficients and the Table 3 values were checked against the fetched PDF, and they are self-consistent (e.g., 1.771535*20^0.669954 = 13.18). The orientation (vertical) matches the CPU case. However, this paper gives a linearized multi-segment fit, not measured points, so a slope test on it partly tests the fitting. The raw data are in the open Anderson & Mudawar 1989 JHT 111:752 paper (doi 10.1115/1.3250747; Purdue PDF fetched), which reports vertical 12.7 mm Cu, atmospheric saturated FC-72, and three smooth finishes (mirror, sanded, vapor-blasted). That paper is the better primary target.",https://api.crossref.org/works/10.1115/1.2909306 ; https://engineering.purdue.edu/mudawar/files/articles-all/1993/1993_7.pdf (downloaded and text-extracted) ; companion source https://engineering.purdue.edu/mudawar/files/articles-all/1989/1989_4.pdf
C_reference_only,2026,"Parimala Vardhan Vydyula, Manohar Bongarala, Justin A. Weibel",A Dataset of Synchronously Measured Heater Surface Temperature and Liquid-Vapor Phase Distribution in HFE-7100 Nucleate Pool Boiling on ITO-coated Sapphire Heater,"Harvard Dataverse (CC0 1.0), published 2026-10-01",10.7910/DVN/LKAQFW,https://dataverse.harvard.edu/dataset.xhtml?persistentId=doi:10.7910/DVN/LKAQFW,HFE-7100 (not FC-72),ITO-coated sapphire (non-enhanced); roughness not stated,ITO thin-film heater on sapphire with spatially uniform generated heat flux; size not given in the README,unknown (not in README or metadata),unknown (not in README or metadata),"Natural convection at 2.55 W/cm2 (15.4 K). Nucleate boiling from 8.95 W/cm2 (27.7 K) to 22.74 W/cm2 (35.8 K), followed by a CHF transient. No nucleate point near 7.2 W/cm2.",11 steady-state datapoints (1999 frames at 500 Hz each),"11 steady nucleate-boiling points (plus 1 natural-convection point, 11 transients and 1 CHF transient)","Open numeric dataset: HFE7100_boiling_curve.tab (superheat in K, flux in W/cm2) plus per-point .tab and very large .h5 maps",yes,no,None. The associated paper is listed as 'Manuscript submitted for publication'.,"Downloaded and confirmed: 12 rows, nucleate 27.6699 K at 8.9453 W/cm2 through 35.8396 K at 22.7361 W/cm2, and the README description. This is a clean open numeric curve (my log-log fit gives dT ~ q^0.28), but the fluid is HFE-7100, pressure and orientation are not given, and there is no nucleate point at 72 kW/m2. It is useful only for checking the slope-test method.",https://dataverse.harvard.edu/api/datasets/:persistentId/?persistentId=doi:10.7910/DVN/LKAQFW ; https://dataverse.harvard.edu/api/access/datafile/14082763 (boiling curve) ; https://dataverse.harvard.edu/api/access/datafile/14144633 (README)
C_reference_only,2024,"Jungho Kim group / NASA GRC (contacts not verified). Related paper: R. Raj, J. Kim, J.B. McQuillen (2012).","Microheater Array Boiling Experiment (MABE), NASA PSI-81","NASA Physical Sciences Informatics PSI-81 (released 18-Sep-2024), CC0-1.0",10.60555/v2a2-t272,https://psi.nasa.gov/physci/repo/data/investigations/PSI-81,"n-perfluorohexane (FC-72 equivalent), per Raj, Kim & McQuillen 2012 JHT abstract",Smooth Pt microheaters on quartz (96-element array); not enhanced,Constant-temperature microheater array. Heater sizes 4.2-7.0 mm per the 2012 abstract. The 2.7 mm array claim was not verified.,"Microgravity (ISS), so orientation does not apply","ISS microgravity. 0.58-1.86 atm, subcooling 1-26 C, Tw 55-107.5 C (2012 abstract).",Not computed. Wall-temperature controlled.,Time-resolved at constant heater temperature; users must average,unknown (test matrix xlsx download failed with a proxy 502),"Open dataset: 1291 files (1170 CSV, 86 mp4, 25 pdf, xlsx, doc), about 5.4 GB, not restricted",yes,unknown,none,"Dataset, DOI, CC0 license, file inventory and fluid are confirmed. The data are microgravity (ISS) and mostly subcooled on a mm-scale heater, so they cannot test a 1-g Cooper prediction for a 40 mm vertical CPU.",https://psi.nasa.gov/geode-py/ws/repo/investigations/PSI-81 ; https://api.openalex.org/works/doi:10.1115/1.4006846
C_reference_only,2024,"Wenbin Zhou, Hualin Ma, Yanke Hu, Guodong Xia",Nucleate boiling enhancement of FC-72 on the carbon nanotube buckypaper for two-phase immersion cooling,International Journal of Heat and Mass Transfer 228:125639,10.1016/j.ijheatmasstransfer.2024.125639,https://ir.bjut.edu.cn/item/399050,FC-72,CNT buckypaper vs a smooth ITO film baseline,ITO film; size unknown,unknown,"Atmospheric, saturated","To CHF. Only relative gains given (CHF up to +74.2%, max HTC up to +102% vs smooth ITO); absolute values unknown.",unknown,unknown,Figure only (presumed; paywalled),yes,unknown,Not mentioned in the abstract,"Existence and the abstract (saturated FC-72 at atmospheric pressure, smooth ITO baseline) are confirmed. Heater size, orientation, absolute CHF and data form are unknown, and the ITO-on-glass film is unlike a metal or silicon chip lid. Could be upgraded after full-text review.",https://api.crossref.org/works/10.1016/j.ijheatmasstransfer.2024.125639 ; https://ir.bjut.edu.cn/item/399050
C_reference_only,2021,Brandon Swartz,Critical Heat Flux Data for Water and FC-72 on Pin-Fin Surfaces,"Mendeley Data, version 1 (10.17632/2dmgjjn324.1)",10.17632/2dmgjjn324,https://data.mendeley.com/datasets/2dmgjjn324,FC-72 and water,"Smooth surfaces (fin shape N/A, roughness factor 1.0) and pin-fin surfaces","Varies by source; the CSV has a Surface Material column (Copper, Silicon N/P-type, SiO2)",unknown (not a column),Subcooling column 0-45 K; pressure not given,"CHF only. Saturated smooth FC-72 on Cu: 188 (Rainey 2000), 154.8 (Lee 2011), 181 (Yu 2007) kW/m2. On Si: 158.4-167.3 kW/m2.",unknown,Not applicable (one CHF value per row; 175 rows),Open CSV (15 kB); values partly digitized from plots,yes,yes,None (CHF only),"The dataset exists and the CSV was downloaded and checked: 175 rows, with source DOIs for Rainey 2000, Lee 2011 and Yu 2007. The official title is shorter than the candidate's. It holds no q-dT curves, so it serves only as a CHF margin check and an index to plain-surface FC-72 sources.",https://api.datacite.org/dois/10.17632/2dmgjjn324 ; https://data.mendeley.com/public-api/datasets/2dmgjjn324 ; CSV downloaded and parsed
C_reference_only,2021,"Mohamed M. Mahmoud, Tassos G. Karayiannis",Pool boiling review: Part II - Heat transfer enhancement,"Thermal Science and Engineering Progress 25, 101023",10.1016/j.tsep.2021.101023,https://bura.brunel.ac.uk/bitstream/2438/23030/4/FullText.pdf,Review: water and FC-72 (one HFE row),"Review. Table 1 'Heat transfer performance of plain smooth surfaces' has 12 FC-72 rows: Si (Ujereh, Liu, Zhou, Duan, Lei), Cu (Yu & Lu, Ujereh, Kumar x2, Sarangi, Zimmermann) and Al (Kim).",various,various/not listed,not tabulated (mostly atmospheric saturated in the sources),FC-72 plain-surface CHF 0.112-0.181 MW/m2,n/a,n/a (summary metrics; authors digitized source curves),"Summary table (HTC, CHF, dT_CHF, roughness, contact angle) plus digitized curves in figures; an index to primary sources",yes,unknown,None ('Cooper' does not occur in the text),"Confirmed review with a plain-smooth-surface table, useful for finding FC-72 baselines (e.g., Sarangi CHF 0.113, Zimmermann Sa 0.627 / CHF 0.159). It is not a boiling-curve data source. Correction: there are 12 FC-72 entries (11 on Si/Cu plus 1 on Al), not 10.","https://api.openalex.org/works/doi:10.1016/j.tsep.2021.101023 ; https://bura.brunel.ac.uk/bitstream/2438/23030/4/FullText.pdf (downloaded, Table 1 extracted)"
C_reference_only,2012,Mohamed S. El-Genk,Immersion cooling nucleate boiling of high power computer chips,"Energy Conversion and Management 53(1), 205-218",10.1016/j.enconman.2011.08.008,https://doi.org/10.1016/j.enconman.2011.08.008,unknown (abstract not accessible; FC-72/HFE-7100/PF-5060 likely given the lab's work),"unknown (likely a summary of porous graphite, microporous and finned Cu work)",unknown,unknown,unknown,unknown,unknown,unknown,"unknown (ScienceDirect returned 403; no abstract in Crossref, OpenAlex or Semantic Scholar)",unknown,unknown,unknown (no Cooper or Rohsenow in Crossref reference metadata),"Existence is confirmed (Crossref; the ISNPS list gives 'Immersion Cooling Nucleate Boiling of High Power Chips', ECM 53, 205-218). Its content could not be read, and the candidate's description came from a search summary. It appears to be a review or summary of enhanced surfaces, not a plain-surface data source.",https://api.crossref.org/works/10.1016/j.enconman.2011.08.008 ; https://isnps.unm.edu/publications/topic/immersion_cooling_of_high-power_electronics/
C_reference_only,2012,Rishi Raj; Jungho Kim; John McQuillen,Pool Boiling Heat Transfer on the International Space Station: Experimental Results and Model Verification,"Journal of Heat Transfer 134(10), 101504",10.1115/1.4006846,https://doi.org/10.1115/1.4006846,n-perfluorohexane (FC-72),"Flat, transparent, constant-temperature microheater array","Microheater array, Lh 4.2-7.0 mm","Microgravity (ISS, a/g < 1e-6); a 1 g reference is not confirmed in the abstract","0.58-1.86 atm, subcooling 1-26 C, Tw 55-107.5 C",unknown,Constant wall temperature (quasi-steady),unknown,Figure only (paywalled),yes,unknown,"None. It verifies a gravity-scaling model (within +/-20%), and BubbleML compares its simulations to that model.","Existence and the n-perfluorohexane microheater ISS conditions are confirmed from Crossref. The data are microgravity, on a mm-scale constant-temperature heater, and mostly subcooled, so they cannot validate the 1 g Cooper correlation for a 40 mm vertical chip. The candidate's claim about 1 g data in a NASA report is not verified.",https://api.crossref.org/works/10.1115/1.4006846 ; https://arxiv.org/pdf/2307.14623 (ref [46])
C_reference_only,2010,"Rishi Raj (advisor Jungho Kim), University of Maryland",Development of a Boiling Regime Map and Gravity Scaling Parameter for Pool Boiling Heat Transfer (PhD dissertation),"University of Maryland DRUM, hdl 1903/10327",,http://hdl.handle.net/1903/10327,FC-72 / n-perfluorohexane,Smooth Pt microheater arrays on quartz (not enhanced),"Constant-temperature microheater arrays, 2.7 x 2.7 mm2 and 7.0 x 7.0 mm2 (96 Pt heaters); active area selectable from 0.27 x 0.27 to 7 x 7 mm2","Upward-facing heater (bottom/side imaging); gravity varied 0-1.8 g, plus 1 g ground tests",Subcooled ('under subcooled liquid (FC-72/n-perfluorohexane) conditions'); pressure varies by campaign,unknown (figures),Constant-wall-temperature time-averaged runs in 1 g; transient during parabolic flights,unknown,Figure only (no tabulated appendix found),yes,unknown,None. 'Cooper' in the text is only the pressure-probe maker (Cooper Instruments); Rohsenow is discussed as a power-law model.,"The DRUM metadata and PDF confirm FC-72, subcooled conditions, 2.7/7.0 mm microheaters and 0-1.8 g. Microheaters, subcooling, constant-temperature control and the gravity focus make this unsuitable as a Cooper validation dataset for a 40 mm CPU at 1 g saturated.","https://drum.lib.umd.edu/handle/1903/10327 (metadata) ; https://drum.lib.umd.edu/bitstreams/2e3499ec-fa38-4fe5-b724-784134f1c657/download (221-page PDF downloaded, grepped)"
C_reference_only,2009,"K.J.L. Geisler, A. Bar-Cohen",Confinement effects on nucleate boiling and critical heat flux in buoyancy-driven microchannels,"International Journal of Heat and Mass Transfer 52, 2427-2436",10.1016/j.ijheatmasstransfer.2009.02.001,https://doi.org/10.1016/j.ijheatmasstransfer.2009.02.001,FC-72,Plain heaters of different types. HT2005 abstract: enhancement 'was found to depend on the type of heater employed but could not be explained by the surface roughness'.,Vertical heated wall of a parallel-plate channel; dimensions unknown,Vertical,unknown,To CHF; values unknown,unknown,unknown,Unknown. The Semantic Scholar open-access link (menet.umn.edu) returned 503 or a redirect.,unknown,unknown,Unknown. Passos et al. (2004) cite the 2003 conference version: unconfined data fit Rohsenow with Csf = 0.0055.,"Existence, FC-72 and vertical confined channels are confirmed (Crossref, Liang & Mudawar 2019 review, HT2005 abstract). An unconfined pool baseline in the 2009 paper itself is not confirmed; only the 2003 version is cited as having one. The main topic is confinement.",https://api.crossref.org/works/10.1016/j.ijheatmasstransfer.2009.02.001 ; https://api.crossref.org/works/10.1115/ht2005-72666 ; https://engineering.purdue.edu/mudawar/files/articles-all/2019/2019-01.pdf ; https://lepten.ufsc.br/publicacoes/boiling/periodicos/2004/heat_fluid_flow/passos_hirata.pdf
C_reference_only,2009,"Benjamin J. Jones, John P. McHale, Suresh V. Garimella",The Influence of Surface Roughness on Nucleate Pool Boiling Heat Transfer,Journal of Heat Transfer 131(12):121009,10.1115/1.3220144,https://docs.lib.purdue.edu/coolingpubs/253,"FC-77 (close fluorinert, NOT FC-72) and water",Polished (Ra 0.027-0.038 um) and EDM-roughened (Ra 1.08-10.0 um) plain surfaces,unknown,unknown,unknown,unknown,unknown,unknown,Unknown (Purdue PDF blocked with 403),yes,unknown,"Abstract: 'compared with predictions from several widely used correlations'; which ones and the result are unknown. For FC-77, h was up to 210% higher on the roughest surface than on the polished one; the effect was correlated as h ~ Ra^m.","The abstract is confirmed, but the fluid is FC-77, and heater, orientation, pressure and flux range could not be read. It is useful mainly for showing how strongly a perfluorocarbon h depends on Ra, which bears on Cooper's Rp term.",https://api.crossref.org/works/10.1115/1.3220144 ; https://api.openalex.org/works/doi:10.1115/1.3220144 ; https://docs.lib.purdue.edu/coolingpubs/253 (landing page; PDF returned 403)
C_reference_only,2006,Joo Han Kim (advisor Seung Mun You),Enhancement of Pool Boiling Heat Transfer Using Thermally-conductive Microporous Coating Techniques,"PhD dissertation, University of Texas at Arlington (MavMatrix mechaerospace_dissertations/78)",,https://mavmatrix.uta.edu/mechaerospace_dissertations/78,"FC-72, R-123 and water",Non-conductive and thermally conductive microporous coatings on Cu. An uncoated plain baseline is not confirmed.,unknown (the candidate's '1-cm2 copper blocks' was not visible in what I could read),unknown,unknown (the candidate says atmospheric; not confirmed in the summary I read),unknown,unknown,unknown,Open thesis PDF exists but Cloudflare blocked it; appendix tables unknown,unknown,unknown,unknown,"Existence, author, advisor, year and fluids (FC-72, R-123, water) are confirmed from the landing page. The focus is enhanced coatings, and a plain FC-72 baseline is unconfirmed, so it ranks only as a lead to check manually.",https://mavmatrix.uta.edu/mechaerospace_dissertations/78 (landing page via WebFetch; PDF returned Cloudflare 403)
C_reference_only,2005,"Elaine Maria Cardoso, Julio César Passos (UFSC)",Confined Nucleate Boiling of FC-72 on a Downward or Upward Facing Copper Disc,"Proceedings of COBEM 2005, 18th International Congress of Mechanical Engineering, ABCM, Ouro Preto",,https://abcm.org.br/app/webroot/anais/cobem/2005/PDF/COBEM2005-0417.pdf,FC-72 (C6F14),"Copper polished with #600 emery, Rp = 1.1 um. The unconfined case is s = 13 mm.","Copper disc, 12 mm diameter, 1 mm thick, with 3 type-E thermocouples","Horizontal, upward-facing (UF45/UF90) and downward-facing (DF45). 45/90 is the bevel of the confinement element, not the heater tilt.","Atmospheric, saturated (Tsat = 56.6 C)",Only up to 40 kW/m2. The authors say the partial curves 'are not in the developed nucleate boiling region'.,Not stated: grep found no 'steady'; heating was 'controlled by increasing the heat flux'. The earlier 'steady-state' claim is unverified.,unknown (figures),figure only,yes,no,"Yes, for s = 13 mm. Upward (UF45): average deviation 10.2% from Cooper, with the same trend. Downward (DF45): Cooper deviation 23.3%, while Stephan-Abdelsalam and Rohsenow (Csf = 0.0047) were within 5.3% average.","Verified from the PDF: FC-72, Rp 1.1 um, Tsat 56.6 C, <=40 kW/m2, and the Cooper deviations of 10.2% (UF45) and 23.3% (DF45). It does not reach 72 kW/m2, the authors say the data are not in developed nucleate boiling, the heater is small, and the data are figure-only. Its value is as a Cooper-accuracy reference for FC-72 on Cu at low flux, not as a validation dataset. I corrected the steady-state claim.",https://abcm.org.br/app/webroot/anais/cobem/2005/PDF/COBEM2005-0417.pdf (downloaded and text-extracted)
C_reference_only,2004,"J.C. Passos, F.R. Hirata, L.F.B. Possamai, M. Balsamo, M. Misale",Confined boiling of FC72 and FC87 on a downward facing heating copper disk,"International Journal of Heat and Fluid Flow 25, 313-319",10.1016/j.ijheatfluidflow.2003.11.016,https://lepten.ufsc.br/publicacoes/boiling/periodicos/2004/heat_fluid_flow/passos_hirata.pdf,FC-72 (also FC-87),"Plain copper polished with #600 emery, Rp = 1.1 um. The gap s = 13 mm (Bond number 16) is the unconfined baseline.","Copper disk, 12 mm diameter, 2 mm thick, skin heater","Horizontal, downward-facing","Atmospheric, Tsat 56.6 C. Saturated (bath held 'very slightly under the saturation temperature') and subcooled (Tbulk 30 C).","Up to about 40-45 kW/m2 only (Figs 3-4), so it does not reach 72 kW/m2","Steady state: 180 s per step, last 90 s averaged, then 300 s power-off","About 10 per curve (Fig 4, s = 13 mm; counted by eye)",Figure only (linear axes),yes,no,Yes: 'The comparison of our results for unconfined boiling with ... Cooper (1984) and Stephan and Abdelsalam (1980) shows great differences between them'. Rohsenow with Csf = 0.0054 fits within a 15% mean deviation.,"All claims confirmed. The surface is downward-facing and the data stop near 40-45 kW/m2, so it cannot test Cooper at 72 kW/m2. Its explicit statement that Cooper deviates greatly for unconfined FC-72 (Rp = 1.1 um) is useful context.","https://api.crossref.org/works/10.1016/j.ijheatfluidflow.2003.11.016 ; https://lepten.ufsc.br/publicacoes/boiling/periodicos/2004/heat_fluid_flow/passos_hirata.pdf (full text, Figs 3-5 viewed)"
C_reference_only,2003,"M.S. El-Genk, H. Bostanci","Saturation boiling of HFE-7100 from a copper surface, simulating a microelectronic chip","International Journal of Heat and Mass Transfer 46(10), 1841-1854",10.1016/S0017-9310(02)00489-1,https://doi.org/10.1016/S0017-9310(02)00489-1,"HFE-7100 (a close dielectric, not FC-72)",Smooth copper (from title and secondary sources; finish not read),"Copper, 10 x 10 mm (per the UNM TR85 Table 2.1 entry for the sister 2003b paper and the search abstract)",Inclination study. TR85 lists 0-180 deg for El-Genk & Bostanci 2003b; the exact angles for this IJHMT paper were not read.,"Saturated. Pressure not read, but probably local atmospheric (~0.085 MPa, Albuquerque) like the sister UNM work. Unverified.","To CHF. TR85: 'El-Genk and Bostanci (2003a,b) reported the saturation CHF of HFE-7100 on copper of 24.5 W/cm2'.",unknown,unknown,unknown (paywalled; abstract elided in Semantic Scholar; ISC mirror returned 503),yes,yes,"unknown. The authors' own nucleate-boiling correlation is reported per search snippets, not verified.","Existence, HFE-7100 and copper are confirmed (Crossref, IIR record), and TR85 confirms a saturation CHF of 24.5 W/cm2 on Cu. The paper itself could not be read, so steady state, pressure, data form and Cooper comparison are unverified, and the fluid is not FC-72. The same lab's TR85 (Parker & El-Genk) already provides FC-72 on the same kind of 10 mm Cu heater.","https://api.crossref.org/works/10.1016/S0017-9310(02)00489-1 ; https://isnps.unm.edu/reports/ISNPS_Tech_Report_85.pdf (review text, fetched) ; https://iifiir.org/en/fridoc/saturation-boiling-of-hfe-7100-from-a-copper-surface-simulating-a-121104"
C_reference_only,2002,"J. Kim, J.F. Benton, D. Wisniewski",Pool boiling heat transfer on small heaters: effect of gravity and subcooling,"International Journal of Heat and Mass Transfer 45, 3919-3932",10.1016/S0017-9310(02)00108-4,https://doi.org/10.1016/S0017-9310(02)00108-4,"FC-72 (confirmed only in the companion NASA report and web summaries, not from the paper itself; abstract elided)",Smooth Pt microheater array on quartz (per the companion report),"96 Pt heaters of 0.27 x 0.27 mm each, forming an array about 2.7 mm on a side (companion report)",unknown for this paper (upward-facing array in the companion experiments),"Companion report: 'atmospheric pressure (Tsat = 56 °C)', bulk about 20 C (strongly subcooled). Web summaries give bulk temperatures of 23-50 C for the KC-135 tests.",unknown. Constant wall temperature stepped from about 85 to 65 C (companion report).,"Constant-wall-temperature, time-resolved; partly microgravity/transient",unknown (about 5 wall-temperature steps per sequence in the companion report),Figure only (presumed; paper paywalled),yes,unknown,none known,"Existence is confirmed by Crossref. The companion NASA CR-2000-210570 (Kim, Benton, Kucner) confirms 'The fluid was FC-72', atmospheric pressure, a 2.7 mm array of 96 heaters and a bulk temperature of about 20 C. The 2.7 mm microheater, strong subcooling and the gravity/transient focus make it unsuitable for saturated Cooper validation on a 40 mm CPU.","https://api.crossref.org/works/10.1016/s0017-9310(02)00108-4 ; https://ntrs.nasa.gov/api/citations/20010020434/downloads/20010020434.pdf (companion NASA/CR-2000-210570, downloaded and text-extracted)"
C_reference_only,1999,Alicia H. Howard; Issam Mudawar,Orientation effects on pool boiling critical heat flux (CHF) and modeling of CHF for near-vertical surfaces,"International Journal of Heat and Mass Transfer 42(9), 1665-1688",10.1016/S0017-9310(98)00233-6,https://engineering.purdue.edu/mudawar/files/articles-all/1999/1999_4.pdf,FC-72 (12.7 mm square heater); PF-5052 (thin visualization heater),"Plain copper, 'lightly polished with Crocus cloth and cleaned with acetone'",12.7 x 12.7 mm Cu block with thick-film resistor; thin heater 3.2 x 35 mm,0-180 deg (many angles),"101.3 kPa, near-saturated, deaerated","CHF only. Fig. 9a shows FC-72 CHF of about 14-19 W/cm2 near 90 deg, so 72 kW/m2 is roughly 40-50% of CHF on a vertical surface.",Steady state (data recorded at steady-state conditions),Not applicable: nucleate-boiling data were taken but no boiling-curve figure is shown,CHF-vs-angle figure only; no q-dT curves,yes,yes,None (CHF modelling only),"The claims are confirmed in the PDF. There are no boiling curves, so it is useful only as a vertical-orientation CHF margin check (about 14-19 W/cm2 at 90 deg for FC-72). Fig. 9a also points to other FC-72 inclination datasets: Reed & Mudawar, Mudawar et al., and Chang & You.","https://api.crossref.org/works/10.1016/S0017-9310(98)00233-6 ; https://engineering.purdue.edu/mudawar/files/articles-all/1999/1999_4.pdf (downloaded; text extracted, Fig. 9 page viewed)"
reject,2024,"Gopinath Rama Warrier, Vijay K. Dhir, David F. Chao",Nucleate Pool Boiling eXperiment (NPBX),"NASA Physical Sciences Informatics (PSI-85), CC0",10.60555/09ds-3c47,https://psi.nasa.gov/physci/repo/data/investigations/PSI-85,"normal-perfluorohexane (the NTRS report says BXF, which houses MABE and NPBX, held about 4 L of nPFH, the principal constituent of FC-72)",Polished aluminum wafer with fabricated artificial cavities (per NASA description via search; not a plain nucleate-boiling surface test),Aluminum wafer with individually controlled cavity heaters (details not verified),Microgravity (ISS),Microgravity; constant wall temperature; pressure and subcooling varied (DataCite description),Not applicable (single-bubble dynamics),Transient single-bubble runs at constant wall temperature,Not applicable,Open dataset (CC0) on NASA PSI. File inventory not re-verified here (PSI page is a JS app).,no,no,none,"The dataset exists (DataCite: creators Warrier, Dhir, Chao; CC0; objective 'Single bubble dynamics ... under microgravity conditions'). It holds microgravity single-bubble data rather than 1 g boiling curves, so it is irrelevant for validating Cooper at 72 kW/m2.","https://api.datacite.org/dois/10.60555/09ds-3c47 ; https://psi.nasa.gov/physci/repo/data/investigations/PSI-85 (JS app shell only) ; https://ntrs.nasa.gov/api/citations/20140010367/downloads/20140010367.pdf (BXF = MABE + NPBX, filled with nPFH)"
