# Parker & El-Genk (2008) UNM-ISNPS-1-2008 technical report, Figure 4.14(a) (printed page 136),
# https://isnps.unm.edu/reports/ISNPS_Tech_Report_85.pdf ; journal version JHT 128 (2006) doi:10.1115/1.2352783
# Saturated FC-72 on plane copper 10x10 mm (#400 then #1500 emery), inclinations 0 (up) / 60 / 90 (vertical) / 120 / 150 / 180,
# local pressure ~0.085 MPa (Albuquerque), steady state (two successive averages within +/-0.2 K).
# EXTRACTED from the VECTOR figure: marker coordinates read from the PDF drawing operators by two independent
# extractions (pymupdf drawings; own content-stream parser), agreeing within 0.0012 K / 0.0015 W/cm2. Legend markers and
# connecting lines excluded. Digitizing uncertainty ~+/-0.01 K, +/-100 W/m2.
# NOTE: the 0 deg curve differs from the same report's Table 4.1 (a separate run, Fig 4.6): at 11 K Table 6.3 vs figure 2.8 W/cm2.
# 180 deg (downward-facing) is outside Cooper's intended scope; kept for completeness.
source,curve_id,fluid,surface,orientation_deg,branch,p_Pa,q_W_m2,dT_K,digitize_n_methods,digitize_flag
Parker2008,P2008_0deg,FC-72,plane Cu 10mm 1500-grit emery,0,asc,85000.0,10837,9.842,2,ok
Parker2008,P2008_0deg,FC-72,plane Cu 10mm 1500-grit emery,0,asc,85000.0,15578,10.371,2,ok
Parker2008,P2008_0deg,FC-72,plane Cu 10mm 1500-grit emery,0,asc,85000.0,21294,10.657,2,ok
Parker2008,P2008_0deg,FC-72,plane Cu 10mm 1500-grit emery,0,asc,85000.0,27855,11.0,2,ok
Parker2008,P2008_0deg,FC-72,plane Cu 10mm 1500-grit emery,0,asc,85000.0,35391,11.204,2,ok
Parker2008,P2008_0deg,FC-72,plane Cu 10mm 1500-grit emery,0,asc,85000.0,43898,11.389,2,ok
Parker2008,P2008_0deg,FC-72,plane Cu 10mm 1500-grit emery,0,asc,85000.0,53263,11.574,2,ok
Parker2008,P2008_0deg,FC-72,plane Cu 10mm 1500-grit emery,0,asc,85000.0,60688,11.833,2,ok
Parker2008,P2008_0deg,FC-72,plane Cu 10mm 1500-grit emery,0,asc,85000.0,68704,12.102,2,ok
Parker2008,P2008_0deg,FC-72,plane Cu 10mm 1500-grit emery,0,asc,85000.0,77206,12.481,2,ok
Parker2008,P2008_0deg,FC-72,plane Cu 10mm 1500-grit emery,0,asc,85000.0,86213,12.888,2,ok
Parker2008,P2008_0deg,FC-72,plane Cu 10mm 1500-grit emery,0,asc,85000.0,91318,13.194,2,ok
Parker2008,P2008_0deg,FC-72,plane Cu 10mm 1500-grit emery,0,asc,85000.0,99218,13.63,2,ok
Parker2008,P2008_0deg,FC-72,plane Cu 10mm 1500-grit emery,0,asc,85000.0,107487,14.13,2,ok
Parker2008,P2008_0deg,FC-72,plane Cu 10mm 1500-grit emery,0,asc,85000.0,113082,14.528,2,ok
Parker2008,P2008_0deg,FC-72,plane Cu 10mm 1500-grit emery,0,asc,85000.0,118793,14.917,2,ok
Parker2008,P2008_0deg,FC-72,plane Cu 10mm 1500-grit emery,0,asc,85000.0,124510,15.38,2,ok
Parker2008,P2008_0deg,FC-72,plane Cu 10mm 1500-grit emery,0,asc,85000.0,130469,15.834,2,ok
Parker2008,P2008_0deg,FC-72,plane Cu 10mm 1500-grit emery,0,asc,85000.0,135938,16.389,2,ok
Parker2008,P2008_0deg,FC-72,plane Cu 10mm 1500-grit emery,0,asc,85000.0,140805,16.852,2,ok
Parker2008,P2008_0deg,FC-72,plane Cu 10mm 1500-grit emery,0,asc,85000.0,145900,17.388,2,ok
Parker2008,P2008_0deg,FC-72,plane Cu 10mm 1500-grit emery,0,asc,85000.0,151005,17.963,2,ok
Parker2008,P2008_0deg,FC-72,plane Cu 10mm 1500-grit emery,0,asc,85000.0,156110,18.584,2,ok
Parker2008,P2008_0deg,FC-72,plane Cu 10mm 1500-grit emery,0,asc,85000.0,161948,19.38,2,ok
Parker2008,P2008_0deg,FC-72,plane Cu 10mm 1500-grit emery,0,asc,85000.0,166573,20.101,2,ok
Parker2008,P2008_0deg,FC-72,plane Cu 10mm 1500-grit emery,0,asc,85000.0,171192,20.834,2,ok
Parker2008,P2008_0deg,FC-72,plane Cu 10mm 1500-grit emery,0,asc,85000.0,175696,21.713,2,ok
Parker2008,P2008_0deg,FC-72,plane Cu 10mm 1500-grit emery,0,asc,85000.0,177996,22.195,2,ok
Parker2008,P2008_0deg,FC-72,plane Cu 10mm 1500-grit emery,0,asc,85000.0,180306,22.759,2,ok
Parker2008,P2008_0deg,FC-72,plane Cu 10mm 1500-grit emery,0,asc,85000.0,182620,23.639,2,ok
Parker2008,P2008_60deg,FC-72,plane Cu 10mm 1500-grit emery,60,asc,85000.0,26763,10.917,2,ok
Parker2008,P2008_60deg,FC-72,plane Cu 10mm 1500-grit emery,60,asc,85000.0,32237,11.129,2,ok
Parker2008,P2008_60deg,FC-72,plane Cu 10mm 1500-grit emery,60,asc,85000.0,39778,11.436,2,ok
Parker2008,P2008_60deg,FC-72,plane Cu 10mm 1500-grit emery,60,asc,85000.0,46829,11.705,2,ok
Parker2008,P2008_60deg,FC-72,plane Cu 10mm 1500-grit emery,60,asc,85000.0,54365,12.018,2,ok
Parker2008,P2008_60deg,FC-72,plane Cu 10mm 1500-grit emery,60,asc,85000.0,61653,12.287,2,ok
Parker2008,P2008_60deg,FC-72,plane Cu 10mm 1500-grit emery,60,asc,85000.0,68593,12.509,2,ok
Parker2008,P2008_60deg,FC-72,plane Cu 10mm 1500-grit emery,60,asc,85000.0,75765,12.778,2,ok
Parker2008,P2008_60deg,FC-72,plane Cu 10mm 1500-grit emery,60,asc,85000.0,83418,13.075,2,ok
Parker2008,P2008_60deg,FC-72,plane Cu 10mm 1500-grit emery,60,asc,85000.0,91327,13.427,2,ok
Parker2008,P2008_60deg,FC-72,plane Cu 10mm 1500-grit emery,60,asc,85000.0,98378,13.732,2,ok
Parker2008,P2008_60deg,FC-72,plane Cu 10mm 1500-grit emery,60,asc,85000.0,105182,14.111,2,ok
Parker2008,P2008_60deg,FC-72,plane Cu 10mm 1500-grit emery,60,asc,85000.0,112354,14.565,2,ok
Parker2008,P2008_60deg,FC-72,plane Cu 10mm 1500-grit emery,60,asc,85000.0,119778,15.111,2,ok
Parker2008,P2008_60deg,FC-72,plane Cu 10mm 1500-grit emery,60,asc,85000.0,127310,15.871,2,ok
Parker2008,P2008_60deg,FC-72,plane Cu 10mm 1500-grit emery,60,asc,85000.0,135084,16.677,2,ok
Parker2008,P2008_60deg,FC-72,plane Cu 10mm 1500-grit emery,60,asc,85000.0,140315,17.398,2,ok
Parker2008,P2008_60deg,FC-72,plane Cu 10mm 1500-grit emery,60,asc,85000.0,145177,18.158,2,ok
Parker2008,P2008_60deg,FC-72,plane Cu 10mm 1500-grit emery,60,asc,85000.0,150166,19.038,2,ok
Parker2008,P2008_60deg,FC-72,plane Cu 10mm 1500-grit emery,60,asc,85000.0,155154,19.899,2,ok
Parker2008,P2008_60deg,FC-72,plane Cu 10mm 1500-grit emery,60,asc,85000.0,160381,20.954,2,ok
Parker2008,P2008_60deg,FC-72,plane Cu 10mm 1500-grit emery,60,asc,85000.0,163777,21.704,2,ok
Parker2008,P2008_60deg,FC-72,plane Cu 10mm 1500-grit emery,60,asc,85000.0,167305,22.575,2,ok
Parker2008,P2008_60deg,FC-72,plane Cu 10mm 1500-grit emery,60,asc,85000.0,170838,23.602,2,ok
Parker2008,P2008_60deg,FC-72,plane Cu 10mm 1500-grit emery,60,asc,85000.0,172658,24.648,2,ok
Parker2008,P2008_90deg,FC-72,plane Cu 10mm 1500-grit emery,90,asc,85000.0,10111,9.528,2,ok
Parker2008,P2008_90deg,FC-72,plane Cu 10mm 1500-grit emery,90,asc,85000.0,16187,10.111,2,ok
Parker2008,P2008_90deg,FC-72,plane Cu 10mm 1500-grit emery,90,asc,85000.0,21903,10.565,2,ok
Parker2008,P2008_90deg,FC-72,plane Cu 10mm 1500-grit emery,90,asc,85000.0,28707,10.963,2,ok
Parker2008,P2008_90deg,FC-72,plane Cu 10mm 1500-grit emery,90,asc,85000.0,36243,11.315,2,ok
Parker2008,P2008_90deg,FC-72,plane Cu 10mm 1500-grit emery,90,asc,85000.0,43424,11.565,2,ok
Parker2008,P2008_90deg,FC-72,plane Cu 10mm 1500-grit emery,90,asc,85000.0,48884,11.76,2,ok
Parker2008,P2008_90deg,FC-72,plane Cu 10mm 1500-grit emery,90,asc,85000.0,56672,12.084,2,ok
Parker2008,P2008_90deg,FC-72,plane Cu 10mm 1500-grit emery,90,asc,85000.0,63723,12.343,2,ok
Parker2008,P2008_90deg,FC-72,plane Cu 10mm 1500-grit emery,90,asc,85000.0,70648,12.557,2,ok
Parker2008,P2008_90deg,FC-72,plane Cu 10mm 1500-grit emery,90,asc,85000.0,76117,12.797,2,ok
Parker2008,P2008_90deg,FC-72,plane Cu 10mm 1500-grit emery,90,asc,85000.0,83784,13.13,2,ok
Parker2008,P2008_90deg,FC-72,plane Cu 10mm 1500-grit emery,90,asc,85000.0,89743,13.436,2,ok
Parker2008,P2008_90deg,FC-72,plane Cu 10mm 1500-grit emery,90,asc,85000.0,96304,13.824,2,ok
Parker2008,P2008_90deg,FC-72,plane Cu 10mm 1500-grit emery,90,asc,85000.0,103112,14.268,2,ok
Parker2008,P2008_90deg,FC-72,plane Cu 10mm 1500-grit emery,90,asc,85000.0,108465,14.676,2,ok
Parker2008,P2008_90deg,FC-72,plane Cu 10mm 1500-grit emery,90,asc,85000.0,113812,15.167,2,ok
Parker2008,P2008_90deg,FC-72,plane Cu 10mm 1500-grit emery,90,asc,85000.0,119286,15.733,2,ok
Parker2008,P2008_90deg,FC-72,plane Cu 10mm 1500-grit emery,90,asc,85000.0,123057,16.177,2,ok
Parker2008,P2008_90deg,FC-72,plane Cu 10mm 1500-grit emery,90,asc,85000.0,126938,16.705,2,ok
Parker2008,P2008_90deg,FC-72,plane Cu 10mm 1500-grit emery,90,asc,85000.0,130709,17.324,2,ok
Parker2008,P2008_90deg,FC-72,plane Cu 10mm 1500-grit emery,90,asc,85000.0,134727,17.955,2,ok
Parker2008,P2008_90deg,FC-72,plane Cu 10mm 1500-grit emery,90,asc,85000.0,138609,18.676,2,ok
Parker2008,P2008_90deg,FC-72,plane Cu 10mm 1500-grit emery,90,asc,85000.0,141899,19.344,2,ok
Parker2008,P2008_90deg,FC-72,plane Cu 10mm 1500-grit emery,90,asc,85000.0,145170,20.139,2,ok
Parker2008,P2008_90deg,FC-72,plane Cu 10mm 1500-grit emery,90,asc,85000.0,148460,20.852,2,ok
Parker2008,P2008_90deg,FC-72,plane Cu 10mm 1500-grit emery,90,asc,85000.0,150037,21.49,2,ok
Parker2008,P2008_90deg,FC-72,plane Cu 10mm 1500-grit emery,90,asc,85000.0,153448,22.287,2,ok
Parker2008,P2008_90deg,FC-72,plane Cu 10mm 1500-grit emery,90,asc,85000.0,156719,23.602,2,ok
Parker2008,P2008_90deg,FC-72,plane Cu 10mm 1500-grit emery,90,asc,85000.0,158432,24.76,2,ok
Parker2008,P2008_120deg,FC-72,plane Cu 10mm 1500-grit emery,120,asc,85000.0,9007,9.343,2,ok
Parker2008,P2008_120deg,FC-72,plane Cu 10mm 1500-grit emery,120,asc,85000.0,13510,9.805,2,ok
Parker2008,P2008_120deg,FC-72,plane Cu 10mm 1500-grit emery,120,asc,85000.0,20314,10.047,2,ok
Parker2008,P2008_120deg,FC-72,plane Cu 10mm 1500-grit emery,120,asc,85000.0,26758,10.593,2,ok
Parker2008,P2008_120deg,FC-72,plane Cu 10mm 1500-grit emery,120,asc,85000.0,34182,11.102,2,ok
Parker2008,P2008_120deg,FC-72,plane Cu 10mm 1500-grit emery,120,asc,85000.0,41597,11.463,2,ok
Parker2008,P2008_120deg,FC-72,plane Cu 10mm 1500-grit emery,120,asc,85000.0,48765,11.742,2,ok
Parker2008,P2008_120deg,FC-72,plane Cu 10mm 1500-grit emery,120,asc,85000.0,56432,12.055,2,ok
Parker2008,P2008_120deg,FC-72,plane Cu 10mm 1500-grit emery,120,asc,85000.0,63483,12.371,2,ok
Parker2008,P2008_120deg,FC-72,plane Cu 10mm 1500-grit emery,120,asc,85000.0,70407,12.686,2,ok
Parker2008,P2008_120deg,FC-72,plane Cu 10mm 1500-grit emery,120,asc,85000.0,77817,13.14,2,ok
Parker2008,P2008_120deg,FC-72,plane Cu 10mm 1500-grit emery,120,asc,85000.0,85485,13.63,2,ok
Parker2008,P2008_120deg,FC-72,plane Cu 10mm 1500-grit emery,120,asc,85000.0,91080,14.038,2,ok
Parker2008,P2008_120deg,FC-72,plane Cu 10mm 1500-grit emery,120,asc,85000.0,96063,14.501,2,ok
Parker2008,P2008_120deg,FC-72,plane Cu 10mm 1500-grit emery,120,asc,85000.0,101173,15.01,2,ok
Parker2008,P2008_120deg,FC-72,plane Cu 10mm 1500-grit emery,120,asc,85000.0,106269,15.629,2,ok
Parker2008,P2008_120deg,FC-72,plane Cu 10mm 1500-grit emery,120,asc,85000.0,111621,16.518,2,ok
Parker2008,P2008_120deg,FC-72,plane Cu 10mm 1500-grit emery,120,asc,85000.0,115270,17.103,2,ok
Parker2008,P2008_120deg,FC-72,plane Cu 10mm 1500-grit emery,120,asc,85000.0,118919,17.843,2,ok
Parker2008,P2008_120deg,FC-72,plane Cu 10mm 1500-grit emery,120,asc,85000.0,122685,18.759,2,ok
Parker2008,P2008_120deg,FC-72,plane Cu 10mm 1500-grit emery,120,asc,85000.0,126456,19.676,2,ok
Parker2008,P2008_120deg,FC-72,plane Cu 10mm 1500-grit emery,120,asc,85000.0,128397,20.389,2,ok
Parker2008,P2008_120deg,FC-72,plane Cu 10mm 1500-grit emery,120,asc,85000.0,130352,20.954,2,ok
Parker2008,P2008_120deg,FC-72,plane Cu 10mm 1500-grit emery,120,asc,85000.0,132293,21.527,2,ok
Parker2008,P2008_120deg,FC-72,plane Cu 10mm 1500-grit emery,120,asc,85000.0,134234,22.195,2,ok
Parker2008,P2008_120deg,FC-72,plane Cu 10mm 1500-grit emery,120,asc,85000.0,136185,23.066,2,ok
Parker2008,P2008_120deg,FC-72,plane Cu 10mm 1500-grit emery,120,asc,85000.0,138126,24.12,2,ok
Parker2008,P2008_150deg,FC-72,plane Cu 10mm 1500-grit emery,150,asc,85000.0,12663,8.703,2,ok
Parker2008,P2008_150deg,FC-72,plane Cu 10mm 1500-grit emery,150,asc,85000.0,15706,9.074,2,ok
Parker2008,P2008_150deg,FC-72,plane Cu 10mm 1500-grit emery,150,asc,85000.0,20199,9.564,2,ok
Parker2008,P2008_150deg,FC-72,plane Cu 10mm 1500-grit emery,150,asc,85000.0,25305,9.945,2,ok
Parker2008,P2008_150deg,FC-72,plane Cu 10mm 1500-grit emery,150,asc,85000.0,31021,10.389,2,ok
Parker2008,P2008_150deg,FC-72,plane Cu 10mm 1500-grit emery,150,asc,85000.0,37217,10.953,2,ok
Parker2008,P2008_150deg,FC-72,plane Cu 10mm 1500-grit emery,150,asc,85000.0,42201,11.306,2,ok
Parker2008,P2008_150deg,FC-72,plane Cu 10mm 1500-grit emery,150,asc,85000.0,47675,11.685,2,ok
Parker2008,P2008_150deg,FC-72,plane Cu 10mm 1500-grit emery,150,asc,85000.0,53265,12.102,2,ok
Parker2008,P2008_150deg,FC-72,plane Cu 10mm 1500-grit emery,150,asc,85000.0,58860,12.593,2,ok
Parker2008,P2008_150deg,FC-72,plane Cu 10mm 1500-grit emery,150,asc,85000.0,63970,13.019,2,ok
Parker2008,P2008_150deg,FC-72,plane Cu 10mm 1500-grit emery,150,asc,85000.0,69196,13.509,2,ok
Parker2008,P2008_150deg,FC-72,plane Cu 10mm 1500-grit emery,150,asc,85000.0,72724,13.972,2,ok
Parker2008,P2008_150deg,FC-72,plane Cu 10mm 1500-grit emery,150,asc,85000.0,76364,14.472,2,ok
Parker2008,P2008_150deg,FC-72,plane Cu 10mm 1500-grit emery,150,asc,85000.0,80261,14.99,2,ok
Parker2008,P2008_150deg,FC-72,plane Cu 10mm 1500-grit emery,150,asc,85000.0,84031,15.722,2,ok
Parker2008,P2008_150deg,FC-72,plane Cu 10mm 1500-grit emery,150,asc,85000.0,85972,16.222,2,ok
Parker2008,P2008_150deg,FC-72,plane Cu 10mm 1500-grit emery,150,asc,85000.0,89626,17.185,2,ok
Parker2008,P2008_150deg,FC-72,plane Cu 10mm 1500-grit emery,150,asc,85000.0,92902,18.203,2,ok
Parker2008,P2008_150deg,FC-72,plane Cu 10mm 1500-grit emery,150,asc,85000.0,96192,19.545,2,ok
Parker2008,P2008_150deg,FC-72,plane Cu 10mm 1500-grit emery,150,asc,85000.0,99589,20.722,2,ok
Parker2008,P2008_150deg,FC-72,plane Cu 10mm 1500-grit emery,150,asc,85000.0,101297,21.805,2,ok
Parker2008,P2008_150deg,FC-72,plane Cu 10mm 1500-grit emery,150,asc,85000.0,102995,22.62,2,ok
Parker2008,P2008_150deg,FC-72,plane Cu 10mm 1500-grit emery,150,asc,85000.0,104694,23.88,2,ok
Parker2008,P2008_180deg,FC-72,plane Cu 10mm 1500-grit emery,180,asc,85000.0,5499,7.398,2,ok
Parker2008,P2008_180deg,FC-72,plane Cu 10mm 1500-grit emery,180,asc,85000.0,6226,7.546,2,ok
Parker2008,P2008_180deg,FC-72,plane Cu 10mm 1500-grit emery,180,asc,85000.0,7071,7.649,2,ok
Parker2008,P2008_180deg,FC-72,plane Cu 10mm 1500-grit emery,180,asc,85000.0,8041,7.806,2,ok
Parker2008,P2008_180deg,FC-72,plane Cu 10mm 1500-grit emery,180,asc,85000.0,9012,8.315,2,ok
Parker2008,P2008_180deg,FC-72,plane Cu 10mm 1500-grit emery,180,asc,85000.0,9982,8.416,2,ok
Parker2008,P2008_180deg,FC-72,plane Cu 10mm 1500-grit emery,180,asc,85000.0,11089,8.658,2,ok
Parker2008,P2008_180deg,FC-72,plane Cu 10mm 1500-grit emery,180,asc,85000.0,12302,8.936,2,ok
Parker2008,P2008_180deg,FC-72,plane Cu 10mm 1500-grit emery,180,asc,85000.0,13394,9.102,2,ok
Parker2008,P2008_180deg,FC-72,plane Cu 10mm 1500-grit emery,180,asc,85000.0,14728,9.409,2,ok
Parker2008,P2008_180deg,FC-72,plane Cu 10mm 1500-grit emery,180,asc,85000.0,16063,9.759,2,ok
Parker2008,P2008_180deg,FC-72,plane Cu 10mm 1500-grit emery,180,asc,85000.0,17407,10.148,2,ok
Parker2008,P2008_180deg,FC-72,plane Cu 10mm 1500-grit emery,180,asc,85000.0,18746,10.519,2,ok
Parker2008,P2008_180deg,FC-72,plane Cu 10mm 1500-grit emery,180,asc,85000.0,20202,10.917,2,ok
Parker2008,P2008_180deg,FC-72,plane Cu 10mm 1500-grit emery,180,asc,85000.0,21774,11.019,2,ok
Parker2008,P2008_180deg,FC-72,plane Cu 10mm 1500-grit emery,180,asc,85000.0,23366,11.621,2,ok
Parker2008,P2008_180deg,FC-72,plane Cu 10mm 1500-grit emery,180,asc,85000.0,24943,11.991,2,ok
Parker2008,P2008_180deg,FC-72,plane Cu 10mm 1500-grit emery,180,asc,85000.0,26642,12.603,2,ok
Parker2008,P2008_180deg,FC-72,plane Cu 10mm 1500-grit emery,180,asc,85000.0,28471,12.973,2,ok
