# Zimmermann, Heinz, Sielaff, Gambaryan-Roisman, Stephan (2020) Exp. Heat Transfer 33(4):318-334
# doi:10.1080/08916152.2019.1635228 ; data: https://b2share.eudat.eu/records/4znr8-k5h80 (CC BY-NC 4.0)
# FC-72, saturated pool boiling, smooth copper cylinder top face D=35 mm (A=9.62e-4 m2), heated from below.
# Orientation not stated in the source (upward-facing inferred). Roughness not in the dataset.
# q = electrical input V*I/A, no heat-loss correction. dT = extrapolated surface temperature - Tsat.
# Converted with scripts/convert_zimmermann.py from sheet 'smooth heater' (values unchanged; rows split into asc/desc).
source,curve_id,fluid,surface,orientation_deg,branch,p_Pa,T_sat_C,q_W_m2,dT_K
Zimmermann2020,Z2020_0.68bar,FC-72,smooth Cu D35mm,0,asc,67150.2,45.632,1883.08,5.8022
Zimmermann2020,Z2020_0.68bar,FC-72,smooth Cu D35mm,0,asc,67357.6,45.713,4248.26,9.6263
Zimmermann2020,Z2020_0.68bar,FC-72,smooth Cu D35mm,0,asc,68400.0,45.738,7548.21,9.9055
Zimmermann2020,Z2020_0.68bar,FC-72,smooth Cu D35mm,0,asc,68186.6,45.788,11743.23,9.9333
Zimmermann2020,Z2020_0.68bar,FC-72,smooth Cu D35mm,0,asc,67653.9,45.808,16935.35,9.8884
Zimmermann2020,Z2020_0.68bar,FC-72,smooth Cu D35mm,0,asc,68387.1,45.816,23038.52,9.8987
Zimmermann2020,Z2020_0.68bar,FC-72,smooth Cu D35mm,0,asc,68159.2,45.758,37877.78,10.1149
Zimmermann2020,Z2020_0.68bar,FC-72,smooth Cu D35mm,0,asc,67991.7,45.737,38034.57,10.1072
Zimmermann2020,Z2020_0.68bar,FC-72,smooth Cu D35mm,0,asc,65214.3,45.738,38038.78,10.0998
Zimmermann2020,Z2020_0.68bar,FC-72,smooth Cu D35mm,0,asc,68399.4,45.794,47060.78,10.3307
Zimmermann2020,Z2020_0.68bar,FC-72,smooth Cu D35mm,0,asc,68561.2,45.837,68298.92,10.9475
Zimmermann2020,Z2020_0.68bar,FC-72,smooth Cu D35mm,0,asc,67525.2,45.844,93730.8,11.6646
Zimmermann2020,Z2020_0.68bar,FC-72,smooth Cu D35mm,0,asc,68177.9,45.857,123680.59,12.5511
Zimmermann2020,Z2020_0.68bar,FC-72,smooth Cu D35mm,0,asc,68112.0,45.826,140357.95,13.165
Zimmermann2020,Z2020_0.68bar,FC-72,smooth Cu D35mm,0,asc,68138.9,45.861,158442.72,14.7733
Zimmermann2020,Z2020_0.68bar,FC-72,smooth Cu D35mm,0,desc,68402.9,45.829,47090.12,10.3479
Zimmermann2020,Z2020_0.68bar,FC-72,smooth Cu D35mm,0,desc,68643.9,45.772,16944.69,9.6974
Zimmermann2020,Z2020_0.68bar,FC-72,smooth Cu D35mm,0,desc,68033.6,45.854,1887.75,5.7892
Zimmermann2020,Z2020_0.62bar,FC-72,smooth Cu D35mm,0,asc,60237.8,42.369,1867.45,6.1597
Zimmermann2020,Z2020_0.62bar,FC-72,smooth Cu D35mm,0,asc,61238.8,42.405,4253.23,10.4333
Zimmermann2020,Z2020_0.62bar,FC-72,smooth Cu D35mm,0,asc,61537.6,42.449,7541.05,10.8336
Zimmermann2020,Z2020_0.62bar,FC-72,smooth Cu D35mm,0,asc,60908.5,42.692,11720.34,10.8677
Zimmermann2020,Z2020_0.62bar,FC-72,smooth Cu D35mm,0,asc,62587.4,43.078,16918.36,10.5702
Zimmermann2020,Z2020_0.62bar,FC-72,smooth Cu D35mm,0,asc,61798.8,43.161,29972.73,10.6585
Zimmermann2020,Z2020_0.62bar,FC-72,smooth Cu D35mm,0,asc,62551.3,43.104,47017.28,10.9424
Zimmermann2020,Z2020_0.62bar,FC-72,smooth Cu D35mm,0,asc,61109.6,43.125,68207.99,11.5545
Zimmermann2020,Z2020_0.62bar,FC-72,smooth Cu D35mm,0,asc,62375.1,43.239,93593.68,12.2734
Zimmermann2020,Z2020_0.62bar,FC-72,smooth Cu D35mm,0,asc,62504.1,43.165,123557.82,13.2115
Zimmermann2020,Z2020_0.62bar,FC-72,smooth Cu D35mm,0,desc,61638.6,42.631,47017.72,11.0153
Zimmermann2020,Z2020_0.62bar,FC-72,smooth Cu D35mm,0,desc,61575.9,42.986,16933.9,10.4815
Zimmermann2020,Z2020_0.62bar,FC-72,smooth Cu D35mm,0,desc,61432.7,42.755,1890.45,5.9963
Zimmermann2020,Z2020_0.95bar,FC-72,smooth Cu D35mm,0,asc,94399.7,54.967,1920.41,5.9022
Zimmermann2020,Z2020_0.95bar,FC-72,smooth Cu D35mm,0,asc,94411.2,55.081,4315.73,8.1033
Zimmermann2020,Z2020_0.95bar,FC-72,smooth Cu D35mm,0,asc,94156.9,55.141,7624.82,8.09
Zimmermann2020,Z2020_0.95bar,FC-72,smooth Cu D35mm,0,asc,94818.2,55.199,17099.72,8.2112
Zimmermann2020,Z2020_0.95bar,FC-72,smooth Cu D35mm,0,asc,94915.3,55.239,30329.29,8.399
Zimmermann2020,Z2020_0.95bar,FC-72,smooth Cu D35mm,0,asc,94636.1,55.212,47514.51,8.8412
Zimmermann2020,Z2020_0.95bar,FC-72,smooth Cu D35mm,0,asc,95126.2,55.261,68868.65,9.4832
Zimmermann2020,Z2020_0.95bar,FC-72,smooth Cu D35mm,0,asc,95025.3,55.29,81109.17,9.8013
Zimmermann2020,Z2020_0.95bar,FC-72,smooth Cu D35mm,0,asc,94955.0,55.217,94515.09,10.1236
Zimmermann2020,Z2020_0.95bar,FC-72,smooth Cu D35mm,0,asc,94855.8,55.209,108954.35,10.4738
Zimmermann2020,Z2020_0.95bar,FC-72,smooth Cu D35mm,0,asc,95351.6,55.194,124694.98,10.8589
Zimmermann2020,Z2020_0.95bar,FC-72,smooth Cu D35mm,0,asc,95100.5,55.179,141447.36,11.3205
Zimmermann2020,Z2020_0.95bar,FC-72,smooth Cu D35mm,0,asc,95247.6,55.216,159624.37,11.9105
Zimmermann2020,Z2020_1.26bar,FC-72,smooth Cu D35mm,0,asc,124619.4,63.749,1930.95,5.9754
Zimmermann2020,Z2020_1.26bar,FC-72,smooth Cu D35mm,0,asc,124844.3,63.735,4327.73,6.5909
Zimmermann2020,Z2020_1.26bar,FC-72,smooth Cu D35mm,0,asc,125148.3,63.744,7658.3,6.7273
Zimmermann2020,Z2020_1.26bar,FC-72,smooth Cu D35mm,0,asc,125552.3,63.843,11944.85,6.7377
Zimmermann2020,Z2020_1.26bar,FC-72,smooth Cu D35mm,0,asc,127029.3,63.934,17234.07,6.8764
Zimmermann2020,Z2020_1.26bar,FC-72,smooth Cu D35mm,0,asc,126801.5,63.953,23426.67,7.0051
Zimmermann2020,Z2020_1.26bar,FC-72,smooth Cu D35mm,0,asc,126614.1,63.979,30650.95,7.195
Zimmermann2020,Z2020_1.26bar,FC-72,smooth Cu D35mm,0,asc,126394.2,63.935,38701.74,7.399
Zimmermann2020,Z2020_1.26bar,FC-72,smooth Cu D35mm,0,asc,126101.9,63.907,47905.88,7.6233
Zimmermann2020,Z2020_1.26bar,FC-72,smooth Cu D35mm,0,asc,126002.6,63.816,58124.05,7.9161
Zimmermann2020,Z2020_1.26bar,FC-72,smooth Cu D35mm,0,asc,126377.6,63.821,69405.42,8.2431
Zimmermann2020,Z2020_1.26bar,FC-72,smooth Cu D35mm,0,asc,125971.2,63.865,81693.95,8.5636
Zimmermann2020,Z2020_1.26bar,FC-72,smooth Cu D35mm,0,asc,126557.5,63.861,95186.83,8.8597
Zimmermann2020,Z2020_1.26bar,FC-72,smooth Cu D35mm,0,asc,126401.9,63.933,109768.59,9.163
Zimmermann2020,Z2020_1.26bar,FC-72,smooth Cu D35mm,0,asc,126552.2,63.96,125567.12,9.4834
Zimmermann2020,Z2020_1.26bar,FC-72,smooth Cu D35mm,0,asc,126313.0,63.968,142501.21,9.86
Zimmermann2020,Z2020_1.26bar,FC-72,smooth Cu D35mm,0,asc,126895.7,63.992,160733.03,10.334
Zimmermann2020,Z2020_1.26bar,FC-72,smooth Cu D35mm,0,asc,127095.2,64.061,180199.63,11.0293
Zimmermann2020,Z2020_1.71bar,FC-72,smooth Cu D35mm,0,asc,170240.1,73.35,545.58,2.4647
Zimmermann2020,Z2020_1.71bar,FC-72,smooth Cu D35mm,0,asc,169452.9,73.261,1951.81,5.8479
Zimmermann2020,Z2020_1.71bar,FC-72,smooth Cu D35mm,0,asc,170140.4,73.234,4382.25,6.0071
Zimmermann2020,Z2020_1.71bar,FC-72,smooth Cu D35mm,0,asc,170335.8,73.491,7736.74,5.7366
Zimmermann2020,Z2020_1.71bar,FC-72,smooth Cu D35mm,0,asc,170264.2,73.515,12062.75,5.7126
Zimmermann2020,Z2020_1.71bar,FC-72,smooth Cu D35mm,0,asc,170686.7,73.614,17388.54,5.7917
Zimmermann2020,Z2020_1.71bar,FC-72,smooth Cu D35mm,0,asc,171160.3,73.657,23640.09,5.9221
Zimmermann2020,Z2020_1.71bar,FC-72,smooth Cu D35mm,0,asc,170916.2,73.627,30917.36,6.125
Zimmermann2020,Z2020_1.71bar,FC-72,smooth Cu D35mm,0,asc,170618.2,73.642,39135.27,6.3427
Zimmermann2020,Z2020_1.71bar,FC-72,smooth Cu D35mm,0,asc,171046.6,73.598,48330.74,6.5553
Zimmermann2020,Z2020_1.71bar,FC-72,smooth Cu D35mm,0,asc,171108.8,73.581,58604.34,6.8131
Zimmermann2020,Z2020_1.71bar,FC-72,smooth Cu D35mm,0,asc,170511.7,73.604,70012.29,7.1008
Zimmermann2020,Z2020_1.71bar,FC-72,smooth Cu D35mm,0,asc,171083.7,73.627,82396.62,7.405
Zimmermann2020,Z2020_1.71bar,FC-72,smooth Cu D35mm,0,asc,171183.0,73.655,95973.66,7.7026
Zimmermann2020,Z2020_1.71bar,FC-72,smooth Cu D35mm,0,asc,171236.0,73.676,110654.89,7.9842
Zimmermann2020,Z2020_1.71bar,FC-72,smooth Cu D35mm,0,asc,170823.9,73.657,126548.24,8.2849
Zimmermann2020,Z2020_1.71bar,FC-72,smooth Cu D35mm,0,asc,171135.1,73.653,143556.6,8.5928
Zimmermann2020,Z2020_1.71bar,FC-72,smooth Cu D35mm,0,asc,171543.7,73.679,161971.35,8.9518
Zimmermann2020,Z2020_1.71bar,FC-72,smooth Cu D35mm,0,asc,171226.5,73.709,181592.03,9.4627
Zimmermann2020,Z2020_1.71bar,FC-72,smooth Cu D35mm,0,asc,171471.5,73.718,202520.27,10.4208
Zimmermann2020,Z2020_0.49bar,FC-72,smooth Cu D35mm,0,asc,48237.9,36.841,530.92,2.2169
Zimmermann2020,Z2020_0.49bar,FC-72,smooth Cu D35mm,0,asc,48576.8,36.941,1899.68,5.8302
Zimmermann2020,Z2020_0.49bar,FC-72,smooth Cu D35mm,0,asc,48798.6,37.004,4258.7,9.8595
Zimmermann2020,Z2020_0.49bar,FC-72,smooth Cu D35mm,0,asc,48753.0,36.988,7556.86,11.4621
Zimmermann2020,Z2020_0.49bar,FC-72,smooth Cu D35mm,0,asc,48891.2,36.946,11744.43,11.6511
Zimmermann2020,Z2020_0.49bar,FC-72,smooth Cu D35mm,0,asc,48872.6,36.936,16904.13,11.7072
Zimmermann2020,Z2020_0.49bar,FC-72,smooth Cu D35mm,0,asc,48892.2,37.004,22994.52,11.7641
Zimmermann2020,Z2020_0.49bar,FC-72,smooth Cu D35mm,0,asc,49301.5,37.055,29924.97,11.7678
Zimmermann2020,Z2020_0.49bar,FC-72,smooth Cu D35mm,0,asc,49173.0,37.09,37939.3,11.8412
Zimmermann2020,Z2020_0.49bar,FC-72,smooth Cu D35mm,0,asc,49979.8,37.058,46905.14,12.0455
Zimmermann2020,Z2020_0.49bar,FC-72,smooth Cu D35mm,0,asc,48886.2,37.026,56971.89,12.3823
Zimmermann2020,Z2020_0.49bar,FC-72,smooth Cu D35mm,0,asc,49056.6,36.982,68016.19,12.7237
Zimmermann2020,Z2020_0.49bar,FC-72,smooth Cu D35mm,0,asc,48974.2,36.964,80089.81,13.1351
Zimmermann2020,Z2020_0.49bar,FC-72,smooth Cu D35mm,0,asc,48905.8,36.977,93308.49,13.5812
Zimmermann2020,Z2020_0.49bar,FC-72,smooth Cu D35mm,0,asc,49260.4,36.987,107617.27,14.0921
Zimmermann2020,Z2020_0.49bar,FC-72,smooth Cu D35mm,0,asc,49111.7,37.017,123056.36,14.8362
