source,curve_id,fluid,surface,orientation_deg,p_Pa,reduced_pressure,n_points,n_window,q_window_min_W_m2,q_window_max_W_m2,mape,bias,slope,slope_stderr,slope_r2,passed_mape,passed_slope,verdict,dT_meas_at_ref_K,dT_cooper_at_ref_K,implied_rp_at_ref_um
Mudawar1990,M1990_1atm,FC-72,vapor-blasted Cu 12.7mm,90.0,101325.0,0.05536885245901639,15,8,24219.8,144683.5,0.4551995085043402,0.4551995085043402,0.37849838407914427,0.06574941591605377,0.8467016754344896,False,True,"조건부 통과 (형태 일치, 프리팩터 이탈)",13.568294554901952,21.499737599389945,6.242328081972937
Mudawar1990,M1990_2atm,FC-72,vapor-blasted Cu 12.7mm,90.0,202650.0,0.11073770491803278,27,14,20040.0,200883.8,0.5719079410442037,0.5719079410442037,0.35297064625577246,0.04932367618236808,0.8101607035381577,False,True,"조건부 통과 (형태 일치, 프리팩터 이탈)",9.533062610464953,17.017807669071868,20.73379491235745
Mudawar1990,M1990_3atm,FC-72,vapor-blasted Cu 12.7mm,90.0,303975.0,0.16610655737704919,25,14,21164.0,193334.5,0.3847168618658708,0.3558661171668827,0.5066249575640458,0.056746103372314095,0.8691496903256727,False,False,불일치 (기울기 이탈),9.52912500851748,14.49199666915339,14.713898818184795
Parker2008,P2008_0deg,FC-72,plane Cu 10mm 1500-grit emery,0.0,85000.0,0.04644808743169399,30,19,21294.0,145900.0,0.7406374390482034,0.7406374390482034,0.24910638082889558,0.024832941502040948,0.8554750305784922,False,False,불일치 (기울기 이탈),12.25281689420648,22.681265699051643,10.071498929210584
Parker2008,P2008_60deg,FC-72,plane Cu 10mm 1500-grit emery,60.0,85000.0,0.04644808743169399,25,16,26763.0,135084.0,0.7322464276325727,0.7322464276325727,0.24028217708587207,0.02079879481246307,0.9050620964240086,False,False,불일치 (기울기 이탈),12.63941103742561,22.681265699051643,8.96379319997252
Parker2008,P2008_90deg,FC-72,plane Cu 10mm 1500-grit emery,90.0,85000.0,0.04644808743169399,30,17,21903.0,123057.0,0.714350706333808,0.714350706333808,0.23277298276034566,0.019619406875856754,0.9037008298784233,False,False,불일치 (기울기 이탈),12.617586614234353,22.681265699051643,9.022086776909779
Parker2008,P2008_120deg,FC-72,plane Cu 10mm 1500-grit emery,120.0,85000.0,0.04644808743169399,27,14,20314.0,106269.0,0.6848158748819326,0.6848158748819326,0.24711570432769983,0.01830653246377916,0.9382133908694885,False,False,불일치 (기울기 이탈),12.78612605258461,22.681265699051643,8.584046103323004
Parker2008,P2008_150deg,FC-72,plane Cu 10mm 1500-grit emery,150.0,85000.0,0.04644808743169399,24,13,20199.0,80261.0,0.644531737623686,0.644531737623686,0.3199333278961824,0.019325949122809626,0.9614109193245246,False,True,"조건부 통과 (형태 일치, 프리팩터 이탈)",13.877586560865963,22.681265699051643,6.3132907265643645
Parker2008,P2008_180deg,FC-72,plane Cu 10mm 1500-grit emery,180.0,85000.0,0.04644808743169399,19,2,20202.0,21774.0,0.3765361298669354,0.3765361298669354,0.12410555401775444,,1.0,False,False,판정 불가,,22.681265699051643,
Zimmermann2020,Z2020_0.49bar,FC-72,smooth Cu D35mm,0.0,48979.46875,0.026764737021857922,16,8,22994.52,93308.49,0.9017127050221421,0.9017127050221421,0.10419572658939938,0.016157211961984518,0.8739175241605301,False,False,불일치 (기울기 이탈),12.865525126379897,26.53681617590529,9.995161143650154
Zimmermann2020,Z2020_0.62bar,FC-72,smooth Cu D35mm,0.0,61653.553846153845,0.03369046658259773,13,4,29972.73,93593.68,1.0137514959692742,1.0137514959692742,0.1236957691393056,0.021638929182986735,0.942324381031428,False,False,판정 불가,11.67437633831053,24.898289654952908,13.089863809004328
Zimmermann2020,Z2020_0.68bar,FC-72,smooth Cu D35mm,0.0,67916.42222222223,0.03711279902853674,18,8,23038.52,123680.59,1.0357884104794357,1.0357884104794357,0.1475899983016142,0.017324472276131347,0.9236409359834221,False,False,불일치 (기울기 이탈),11.063916487975211,24.222145066024336,15.469523587847082
Zimmermann2020,Z2020_0.95bar,FC-72,smooth Cu D35mm,0.0,94846.1076923077,0.051828474148802026,13,7,30329.29,124694.98,1.275858125916535,1.275858125916535,0.1825121168709734,0.011325244023881686,0.9811113876688846,False,False,불일치 (기울기 이탈),9.56862346949665,21.941676130032512,25.231490282730807
Zimmermann2020,Z2020_1.26bar,FC-72,smooth Cu D35mm,0.0,126181.7888888889,0.06895179720704311,18,11,23426.67,142501.21,1.3523906934214402,1.3523906934214402,0.19313400739734946,0.009995509462865013,0.976460906417069,False,False,불일치 (기울기 이탈),8.314194690786374,20.052420441410014,44.257003564039636
Zimmermann2020,Z2020_1.71bar,FC-72,smooth Cu D35mm,0.0,170809.265,0.09333839617486339,20,12,23640.09,161971.35,1.4820670911481733,1.4820670911481733,0.21793033663696365,0.009642720466665618,0.9807981352503778,False,False,불일치 (기울기 이탈),7.152183039823638,18.100072820671134,90.69819803142376
